gen,bestfit,medianfit,uniqueRS,n_reactions_median,n_reactions_mean,n_reactions_std
0,-54,-62,100,143
1,-2,-21,100,56
2,50.9922,-5,100,46
3,50.9922,-2,100,47
4,50.9922,-2,100,44
5,50.9922,-1,100,46
6,50.9922,-1,100,52
7,50.9922,-1,100,48
8,50.9922,-1,100,56
9,50.9922,-1,100,46
10,50.9922,-1,100,47
11,50.9922,-1,100,44
12,50.9922,-1,100,51
13,50.9922,42.9922,100,38
14,50.9922,44.9922,100,52
15,50.9922,46.9922,100,44
16,52.9531,46.9922,100,44
17,52.9531,48.9844,100,47
18,52.9531,48.9844,100,56
19,52.9531,48.9922,100,47
20,52.9531,48.9922,100,56
21,52.9531,48.9922,100,49
22,52.9531,48.9922,100,50
23,52.9531,48.9922,100,49
24,52.9531,48.9922,100,54
25,52.9531,48.9922,100,49
26,52.9531,48.9922,100,44
27,52.9531,48.9922,100,52
28,52.9531,48.9922,100,42
29,52.9688,50.9531,100,49
30,52.9688,50.9609,100,45
31,52.9688,50.9609,100,45
32,52.9688,50.9688,100,45
33,52.9688,50.9688,100,45
34,52.9688,50.9688,100,45
35,52.9688,50.9688,100,52
36,52.9688,50.9688,100,45
37,52.9688,50.9766,100,45
38,52.9688,50.9766,100,42
39,52.9688,50.9766,100,44
40,52.9688,50.9766,100,48
41,52.9688,50.9766,100,53
42,52.9688,50.9766,100,45
43,52.9688,50.9844,100,49
44,52.9688,50.9844,100,46
45,52.9688,50.9844,100,46
46,52.9688,50.9844,100,54
47,52.9688,50.9844,100,45
48,52.9688,50.9844,100,45
49,52.9688,50.9844,100,46
50,52.9688,50.9844,100,45
51,52.9688,50.9844,100,44
52,52.9688,50.9844,100,44
53,52.9688,50.9844,100,51
54,52.9688,50.9844,100,44
55,52.9688,50.9844,100,44
56,52.9688,50.9844,100,44
57,52.9688,50.9922,100,52
58,52.9688,50.9922,100,54
59,52.9688,50.9922,100,45
60,52.9688,50.9922,100,47
61,52.9688,50.9922,100,49
62,52.9688,50.9922,100,52
63,52.9688,50.9922,100,46
64,52.9688,50.9922,100,44
65,52.9688,50.9922,100,53
66,52.9688,50.9922,100,49
67,52.9688,50.9922,100,46
68,52.9688,50.9922,100,52
69,52.9688,50.9922,100,54
70,52.9688,50.9922,100,47
71,52.9688,50.9922,100,45
72,52.9688,50.9922,100,54
73,52.9688,50.9922,100,52
74,52.9688,50.9922,100,52
75,52.9688,50.9922,100,45
76,52.9688,50.9922,100,53
77,52.9688,50.9922,100,52
78,52.9766,50.9922,100,45
79,52.9766,50.9922,100,53
80,52.9766,50.9922,100,52
81,52.9766,50.9922,100,47
82,52.9766,50.9922,100,52
83,52.9766,50.9922,100,45
84,52.9766,50.9922,100,52
85,52.9766,50.9922,100,46
86,52.9766,50.9922,100,52
87,52.9766,50.9922,100,53
88,52.9766,50.9922,100,52
89,52.9766,50.9922,100,45
90,52.9766,50.9922,100,45
91,52.9766,50.9922,100,46
92,52.9766,50.9922,100,52
93,52.9766,50.9922,100,45
94,52.9766,50.9922,100,45
95,52.9766,50.9922,100,45
96,52.9766,50.9922,100,45
97,52.9766,50.9922,100,51
98,52.9766,50.9922,100,44
99,52.9766,50.9922,100,44
100,52.9766,52.9297,100,44
101,52.9766,52.9297,100,44
102,52.9766,52.9297,100,45
103,52.9766,52.9297,100,44
104,52.9766,52.9453,100,46
105,52.9766,52.9453,100,46
106,52.9766,52.9453,100,53
107,52.9766,52.9453,100,48
108,52.9766,52.9453,100,44
109,52.9766,52.9453,100,47
110,52.9766,52.9453,100,53
111,52.9766,52.9531,100,45
112,52.9766,52.9531,100,52
113,52.9766,52.9531,100,53
114,52.9766,52.9531,100,46
115,52.9766,52.9531,100,54
116,52.9766,52.9531,100,53
117,52.9766,52.9531,100,52
118,52.9766,52.9531,100,44
119,52.9766,52.9531,100,44
120,52.9766,52.9531,100,46
121,52.9766,52.9531,100,52
122,52.9766,52.9531,100,52
123,52.9766,52.9531,100,48
124,52.9766,52.9531,100,44
125,52.9766,52.9531,100,45
126,52.9766,52.9531,100,45
127,52.9766,52.9531,100,44
128,52.9766,52.9531,100,44
129,52.9766,52.9531,100,45
130,52.9766,52.9531,100,44
131,52.9922,52.9531,100,44
132,52.9922,52.9531,100,45
133,52.9922,52.9531,100,44
134,52.9922,52.9609,100,45
135,52.9922,52.9609,100,44
136,52.9922,52.9609,100,44
137,52.9922,52.9609,100,53
138,52.9922,52.9609,100,44
139,52.9922,52.9609,100,44
140,52.9922,52.9609,100,44
141,52.9922,52.9609,100,44
142,52.9922,52.9688,100,45
143,52.9922,52.9688,100,44
144,52.9922,52.9688,100,45
145,52.9922,52.9688,100,45
146,52.9922,52.9688,100,44
147,52.9922,52.9688,100,46
148,52.9922,52.9688,100,45
149,52.9922,52.9688,100,46
150,52.9922,52.9688,100,46
151,52.9922,52.9688,100,52
152,52.9922,52.9688,100,44
153,52.9922,52.9688,100,46
154,52.9922,52.9688,100,44
155,52.9922,52.9688,100,44
156,52.9922,52.9688,100,45
157,52.9922,52.9688,100,46
158,52.9922,52.9688,100,44
159,52.9922,52.9688,100,52
160,52.9922,52.9688,100,46
161,52.9922,52.9688,100,44
162,52.9922,52.9688,100,45
163,52.9922,52.9688,100,45
164,52.9922,52.9688,100,44
165,52.9922,52.9688,100,44
166,52.9922,52.9688,100,52
167,52.9922,52.9688,100,45
168,52.9922,52.9688,100,44
169,52.9922,52.9688,100,44
170,52.9922,52.9688,100,44
171,52.9922,52.9688,100,44
172,52.9922,52.9688,100,45
173,52.9922,52.9688,100,44
174,52.9922,52.9688,100,44
175,52.9922,52.9688,100,44
176,52.9922,52.9688,100,44
177,52.9922,52.9688,100,44
178,52.9922,52.9688,100,44
179,52.9922,52.9688,100,45
180,52.9922,52.9688,100,44
181,52.9922,52.9688,100,44
182,52.9922,52.9688,100,44
183,52.9922,52.9688,100,44
184,52.9922,52.9688,100,44
185,52.9922,52.9688,100,45
186,52.9922,52.9688,100,44
187,52.9922,52.9688,100,44
188,52.9922,52.9688,100,46
189,52.9922,52.9688,100,44
190,52.9922,52.9688,100,44
191,52.9922,52.9688,100,44
192,54.8672,52.9688,100,44
193,54.8672,52.9688,100,44
194,54.8672,52.9688,100,44
195,54.8672,52.9688,100,44
196,54.8672,52.9688,100,44
197,54.8672,52.9766,100,44
198,54.8672,52.9766,100,45
199,54.8672,52.9766,100,45
200,54.8672,52.9766,100,44
201,54.8672,52.9766,100,44
202,54.8672,52.9766,100,44
203,54.8672,52.9766,100,44
204,54.8672,52.9766,100,44
205,54.8672,52.9766,100,44
206,54.8672,52.9766,100,44
207,54.8672,52.9766,100,44
208,54.8672,52.9766,100,44
209,54.8672,52.9766,100,44
210,54.8672,52.9766,100,44
211,54.8672,52.9766,100,44
212,54.8672,52.9766,100,44
213,54.8672,52.9766,100,44
214,54.8672,52.9766,100,44
215,54.8672,52.9766,100,44
216,54.8672,52.9766,100,44
217,54.8672,52.9766,100,44
218,54.8672,52.9766,100,44
219,54.8672,52.9766,100,44
220,54.8672,52.9766,100,44
221,54.8672,52.9766,100,44
222,54.8828,52.9766,100,44
223,54.8828,52.9766,100,44
224,54.8828,52.9766,100,44
225,54.8828,52.9766,100,44
226,54.8828,52.9766,100,44
227,54.8828,52.9766,100,44
228,54.8828,52.9766,100,44
229,54.8828,52.9766,100,44
230,54.8828,52.9766,100,44
231,54.8828,52.9766,100,43
232,54.8828,52.9766,100,44
233,54.8828,52.9766,100,44
234,54.8828,52.9766,100,44
235,54.8828,52.9766,100,43
236,54.8828,52.9766,100,43
237,54.8828,52.9766,100,44
238,54.8828,52.9766,100,44
239,54.8828,52.9844,100,44
240,54.8828,52.9844,100,44
241,54.8828,52.9844,100,44
242,54.8828,52.9844,100,44
243,54.8828,52.9844,100,45
244,54.9062,52.9844,100,45
245,54.9062,52.9844,100,45
246,54.9062,52.9844,100,45
247,54.9062,52.9844,100,44
248,54.9062,52.9844,100,44
249,54.9062,52.9844,100,43
250,54.9062,52.9844,100,44
251,54.9062,52.9844,100,44
252,54.9062,52.9844,100,45
253,54.9062,52.9844,100,44
254,54.9062,52.9844,100,44
255,54.9062,52.9844,100,44
256,54.9062,52.9844,100,44
257,54.9062,52.9844,100,44
258,54.9062,52.9844,100,45
259,54.9062,52.9844,100,46
260,54.9062,52.9844,100,44
261,54.9062,52.9844,100,44
262,54.9062,52.9844,100,45
263,54.9062,52.9844,100,44
264,54.9062,52.9844,100,46
265,54.9062,52.9844,100,44
266,54.9062,52.9844,100,44
267,54.9062,52.9844,100,45
268,54.9062,52.9844,100,44
269,54.9062,52.9844,100,45
270,54.9062,52.9844,100,43
271,54.9062,52.9844,100,45
272,54.9062,52.9844,100,44
273,54.9062,52.9844,100,45
274,54.9062,52.9844,100,44
275,54.9062,52.9844,100,44
276,54.9062,52.9844,100,44
277,54.9062,52.9844,100,44
278,54.9062,52.9844,100,42
279,54.9062,52.9844,100,44
280,54.9062,52.9844,100,44
281,54.9062,52.9844,100,44
282,54.9062,52.9844,100,44
283,54.9062,52.9844,100,44
284,54.9062,52.9844,100,43
285,54.9062,52.9844,100,44
286,54.9062,52.9844,100,44
287,54.9062,52.9844,100,44
288,54.9062,52.9844,100,43
289,54.9062,52.9844,100,42
290,54.9062,52.9844,100,44
291,54.9062,52.9844,100,42
292,54.9062,52.9844,100,44
293,54.9062,52.9844,100,43
294,54.9062,52.9844,100,43
295,54.9062,52.9844,100,44
296,54.9062,52.9844,100,43
297,54.9062,52.9844,100,43
298,54.9062,52.9844,100,44
299,54.9062,52.9844,100,43
300,54.9062,52.9844,100,44
301,54.9062,52.9844,100,43
302,54.9062,52.9844,100,43
303,54.9062,52.9844,100,44
304,54.9062,52.9844,100,44
305,54.9062,52.9844,100,43
306,54.9062,52.9844,100,43
307,54.9062,52.9844,100,43
308,54.9062,52.9844,100,43
309,54.9062,52.9844,100,43
310,54.9062,52.9844,100,43
311,54.9062,52.9844,100,43
312,54.9062,52.9844,100,43
313,54.9062,52.9844,100,43
314,54.9062,52.9844,100,43
315,54.9062,52.9844,100,43
316,54.9062,52.9844,100,44
317,54.9219,52.9844,100,43
318,54.9219,52.9844,100,43
319,54.9219,52.9844,100,44
320,54.9219,52.9844,100,44
321,54.9219,52.9844,100,44
322,54.9219,52.9844,100,43
323,54.9219,52.9844,100,43
324,54.9219,52.9844,100,43
325,54.9219,52.9844,100,43
326,54.9219,52.9844,100,44
327,54.9219,52.9844,100,44
328,54.9219,52.9844,100,43
329,54.9219,52.9844,100,44
330,54.9219,52.9844,100,44
331,54.9219,52.9844,100,44
332,54.9219,52.9844,100,43
333,54.9219,52.9844,100,43
334,54.9219,52.9844,100,43
335,54.9219,52.9844,100,44
336,54.9219,52.9844,100,44
337,54.9219,52.9844,100,43
338,54.9219,52.9844,100,44
339,54.9219,52.9844,100,43
340,54.9219,52.9844,100,44
341,54.9219,52.9844,100,44
342,54.9219,52.9844,100,43
343,54.9219,52.9844,100,43
344,54.9219,52.9844,100,44
345,54.9219,52.9844,100,44
346,54.9219,52.9844,100,43
347,54.9219,52.9844,100,44
348,54.9219,52.9844,100,43
349,54.9219,52.9922,100,44
350,54.9219,52.9922,100,44
351,54.9219,52.9922,100,44
352,54.9219,52.9922,100,44
353,54.9219,52.9922,100,44
354,54.9219,52.9922,100,44
355,54.9219,52.9922,100,44
356,54.9219,52.9922,100,44
357,54.9219,52.9922,100,44
358,54.9219,52.9922,100,44
359,54.9219,52.9922,100,43
360,54.9219,52.9922,100,44
361,54.9219,52.9922,100,44
362,54.9219,52.9922,100,43
363,54.9219,52.9922,100,44
364,54.9219,52.9922,100,43
365,54.9219,52.9922,100,44
366,54.9219,52.9922,100,44
367,54.9219,52.9922,100,44
368,54.9219,52.9922,100,44
369,54.9219,52.9922,100,44
370,54.9219,52.9922,100,44
371,54.9219,52.9922,100,44
372,54.9219,52.9922,100,44
373,54.9219,52.9922,100,43
374,54.9219,52.9922,100,44
375,54.9219,52.9922,100,44
376,54.9219,52.9922,100,44
377,54.9219,52.9922,100,44
378,54.9219,52.9922,100,44
379,54.9219,52.9922,100,44
380,54.9219,52.9922,100,44
381,54.9219,52.9922,100,44
382,54.9219,52.9922,100,44
383,54.9219,52.9922,100,44
384,54.9219,52.9922,100,44
385,54.9219,52.9922,100,44
386,54.9219,52.9922,100,44
387,54.9219,52.9922,100,44
388,54.9219,52.9922,100,44
389,54.9219,52.9922,100,44
390,54.9219,52.9922,100,43
391,54.9219,52.9922,100,44
392,54.9219,52.9922,100,44
393,54.9219,52.9922,100,43
394,54.9219,52.9922,100,44
395,54.9219,52.9922,100,44
396,54.9219,52.9922,100,44
397,54.9219,52.9922,100,44
398,54.9219,52.9922,100,44
399,54.9219,52.9922,100,43
400,54.9219,52.9922,100,43
401,54.9219,52.9922,100,43
402,54.9219,52.9922,100,44
403,54.9219,52.9922,100,43
404,54.9219,52.9922,100,43
405,54.9219,52.9922,100,43
406,54.9219,52.9922,100,44
407,54.9219,52.9922,100,43
408,54.9219,52.9922,100,43
409,54.9219,52.9922,100,44
410,54.9219,52.9922,100,43
411,54.9219,52.9922,100,44
412,54.9219,52.9922,100,43
413,54.9219,52.9922,100,43
414,54.9219,52.9922,100,43
415,54.9219,52.9922,100,44
416,54.9219,52.9922,100,43
417,54.9219,52.9922,100,43
418,54.9219,52.9922,100,44
419,54.9219,52.9922,100,44
420,54.9219,52.9922,100,43
421,54.9219,52.9922,100,43
422,54.9219,52.9922,100,43
423,54.9219,52.9922,100,43
424,54.9219,52.9922,100,43
425,54.9219,52.9922,100,43
426,54.9219,52.9922,100,43
427,54.9219,52.9922,100,43
428,54.9219,52.9922,100,44
429,54.9219,52.9922,100,44
430,54.9219,52.9922,100,43
431,54.9219,52.9922,100,43
432,54.9219,52.9922,100,43
433,54.9219,52.9922,100,43
434,54.9219,52.9922,100,43
435,54.9219,52.9922,100,43
436,54.9219,52.9922,100,43
437,54.9219,52.9922,100,43
438,54.9219,52.9922,100,43
439,54.9219,52.9922,100,43
440,54.9219,52.9922,100,43
441,54.9219,52.9922,100,43
442,54.9219,52.9922,100,44
443,54.9219,52.9922,100,43
444,54.9219,52.9922,100,43
445,54.9219,52.9922,100,43
446,54.9219,52.9922,100,43
447,54.9219,52.9922,100,44
448,54.9219,52.9922,100,43
449,54.9219,52.9922,100,43
450,54.9219,52.9922,100,44
451,54.9219,52.9922,100,43
452,54.9219,52.9922,100,44
453,54.9219,52.9922,100,43
454,54.9219,52.9922,100,43
455,54.9219,52.9922,100,43
456,54.9219,52.9922,100,43
457,54.9219,52.9922,100,43
458,54.9219,52.9922,100,43
459,54.9219,52.9922,100,43
460,54.9219,52.9922,100,43
461,54.9219,52.9922,100,43
462,54.9219,52.9922,100,43
463,54.9219,52.9922,100,43
464,54.9219,52.9922,100,43
465,54.9219,52.9922,100,43
466,54.9219,52.9922,100,44
467,54.9219,52.9922,100,43
468,54.9219,52.9922,100,43
469,54.9219,52.9922,100,43
470,54.9219,52.9922,100,43
471,54.9219,52.9922,100,43
472,54.9219,52.9922,100,43
473,54.9219,52.9922,100,43
474,54.9219,52.9922,100,43
475,54.9219,52.9922,100,43
476,54.9219,52.9922,100,43
477,54.9219,52.9922,100,43
478,54.9219,52.9922,100,43
479,54.9219,52.9922,100,43
480,54.9219,52.9922,100,43
481,54.9219,52.9922,100,43
482,54.9219,52.9922,100,43
483,54.9219,52.9922,100,43
484,54.9219,52.9922,100,43
485,54.9219,52.9922,100,43
486,54.9219,52.9922,100,43
487,54.9219,52.9922,100,43
488,54.9219,52.9922,100,43
489,54.9219,52.9922,100,43
490,54.9219,52.9922,100,43
491,54.9219,52.9922,100,43
492,54.9219,52.9922,100,43
493,54.9219,52.9922,100,43
494,54.9219,52.9922,100,43
495,54.9219,52.9922,100,43
496,54.9219,52.9922,100,43
497,54.9219,52.9922,100,43
498,54.9219,52.9922,100,43
499,54.9219,52.9922,100,43
500,54.9219,52.9922,100,43
501,54.9219,52.9922,100,43
502,54.9219,52.9922,100,43
503,54.9219,52.9922,100,43
504,54.9219,52.9922,100,43
505,54.9219,52.9922,100,43
506,54.9219,52.9922,100,43
507,54.9219,52.9922,100,43
508,54.9219,52.9922,100,43
509,54.9219,52.9922,100,43
510,54.9219,52.9922,100,43
511,54.9219,52.9922,100,43
512,54.9219,52.9922,100,43
513,54.9219,52.9922,100,43
514,54.9219,52.9922,100,43
515,54.9219,52.9922,100,43
516,54.9219,52.9922,100,43
517,54.9219,52.9922,100,43
518,54.9219,52.9922,100,43
519,54.9219,52.9922,100,43
520,54.9219,52.9922,100,43
521,54.9219,52.9922,100,43
522,54.9219,52.9922,100,43
523,54.9219,52.9922,100,43
524,54.9219,52.9922,100,43
525,54.9219,52.9922,100,43
526,54.9219,52.9922,100,44
527,54.9219,52.9922,100,43
528,54.9219,52.9922,100,43
529,54.9219,52.9922,100,43
530,54.9219,52.9922,100,43
531,54.9219,52.9922,100,43
532,54.9219,52.9922,100,43
533,54.9219,52.9922,100,43
534,54.9219,52.9922,100,43
535,54.9219,52.9922,100,43
536,54.9219,52.9922,100,43
537,54.9219,52.9922,100,43
538,54.9219,52.9922,100,43
539,54.9219,52.9922,100,43
540,54.9219,52.9922,100,43
541,54.9219,52.9922,100,43
542,54.9219,52.9922,100,43
543,54.9219,52.9922,100,43
544,54.9219,52.9922,100,43
545,54.9219,52.9922,100,43
546,54.9219,52.9922,100,43
547,54.9219,52.9922,100,44
548,54.9219,52.9922,100,43
549,54.9219,52.9922,100,43
550,54.9219,52.9922,100,43
551,54.9219,52.9922,100,43
552,54.9219,52.9922,100,43
553,54.9219,52.9922,100,43
554,54.9219,52.9922,100,43
555,54.9219,52.9922,100,43
556,54.9219,52.9922,100,43
557,54.9219,52.9922,100,43
558,54.9219,52.9922,100,43
559,54.9219,52.9922,100,43
560,54.9219,52.9922,100,43
561,54.9219,52.9922,100,43
562,54.9219,52.9922,100,43
563,54.9219,52.9922,100,43
564,54.9219,52.9922,100,43
565,54.9219,52.9922,100,43
566,54.9219,52.9922,100,43
567,54.9219,52.9922,100,43
568,54.9219,52.9922,100,44
569,54.9219,52.9922,100,43
570,54.9219,52.9922,100,43
571,54.9219,52.9922,100,43
572,54.9219,52.9922,100,43
573,54.9219,52.9922,100,43
574,54.9219,52.9922,100,43
575,54.9219,52.9922,100,43
576,54.9219,52.9922,100,43
577,54.9219,52.9922,100,43
578,54.9219,52.9922,100,43
579,54.9219,52.9922,100,44
580,54.9219,52.9922,100,43
581,54.9219,52.9922,100,43
582,54.9219,52.9922,100,44
583,54.9219,54.8672,100,43
584,54.9219,54.8672,100,43
585,54.9219,54.8672,100,43
586,54.9219,54.8672,100,44
587,54.9219,54.8672,100,44
588,54.9219,54.8672,100,43
589,54.9219,54.8672,100,44
590,54.9219,54.8672,100,44
591,54.9219,54.8672,100,44
592,54.9219,54.8672,100,44
593,54.9219,54.8672,100,44
594,54.9219,54.8672,100,44
595,54.9219,54.875,100,43
596,54.9219,54.875,100,44
597,54.9219,54.875,100,44
598,54.9219,54.875,100,43
599,54.9219,54.875,100,44
600,54.9219,54.875,100,44
601,54.9219,54.875,100,43
602,54.9219,54.875,100,44
603,54.9219,54.875,100,44
604,54.9219,54.875,100,43
605,54.9219,54.875,100,44
606,54.9219,54.875,100,44
607,54.9219,54.875,100,43
608,54.9219,54.875,100,44
609,54.9219,54.875,100,43
610,54.9219,54.875,100,44
611,54.9219,54.875,100,44
612,54.9219,54.875,100,43
613,54.9219,54.875,100,44
614,54.9219,54.875,100,43
615,54.9219,54.875,100,44
616,54.9219,54.875,100,44
617,54.9219,54.875,100,44
618,54.9219,54.875,100,44
619,54.9219,54.875,100,44
620,54.9219,54.875,100,44
621,54.9219,54.875,100,44
622,54.9219,54.875,100,44
623,54.9219,54.875,100,44
624,54.9219,54.875,100,44
625,54.9219,54.875,100,43
626,54.9219,54.875,100,44
627,54.9219,54.875,100,44
628,54.9219,54.8828,100,43
629,54.9219,54.8828,100,44
630,54.9219,54.8828,100,44
631,54.9219,54.8828,100,44
632,54.9219,54.8828,100,44
633,54.9219,54.8828,100,44
634,54.9219,54.8828,100,44
635,54.9219,54.8828,100,44
636,54.9219,54.8828,100,44
637,54.9219,54.8828,100,44
638,54.9219,54.8828,100,44
639,54.9219,54.8828,100,44
640,54.9219,54.8828,100,44
641,54.9219,54.8828,100,44
642,54.9219,54.8828,100,43
643,54.9219,54.8828,100,44
644,54.9219,54.8828,100,43
645,54.9219,54.8828,100,44
646,54.9219,54.8828,100,43
647,54.9219,54.8828,100,43
648,54.9219,54.8828,100,43
649,54.9219,54.8828,100,44
650,54.9219,54.8828,100,43
651,54.9219,54.8828,100,43
652,54.9219,54.8828,100,44
653,54.9219,54.8828,100,44
654,54.9219,54.8828,100,43
655,54.9219,54.8828,100,44
656,54.9219,54.8828,100,44
657,54.9219,54.8828,100,44
658,54.9219,54.8828,100,43
659,54.9219,54.8828,100,43
660,54.9219,54.8906,100,43
661,54.9219,54.8906,100,43
662,54.9219,54.8906,100,44
663,54.9219,54.8906,100,44
664,54.9219,54.8906,100,44
665,54.9219,54.8906,100,44
666,54.9219,54.8906,100,44
667,54.9219,54.8906,100,44
668,54.9219,54.8906,100,43
669,54.9219,54.8906,100,43
670,54.9219,54.8906,100,44
671,54.9219,54.8906,100,43
672,54.9219,54.8906,100,44
673,54.9219,54.8906,100,43
674,54.9219,54.8906,100,44
675,54.9219,54.8906,100,44
676,54.9219,54.8906,100,44
677,54.9219,54.8906,100,44
678,54.9219,54.8906,100,43
679,54.9219,54.8906,100,44
680,54.9219,54.8906,100,43
681,54.9219,54.8906,100,44
682,54.9219,54.8906,100,44
683,54.9219,54.8906,100,44
684,54.9219,54.8906,100,43
685,54.9219,54.8906,100,44
686,54.9219,54.8906,100,44
687,54.9219,54.8906,100,44
688,54.9219,54.8906,100,44
689,54.9219,54.8906,100,44
690,54.9219,54.8906,100,44
691,54.9219,54.8906,100,44
692,54.9219,54.8906,100,44
693,54.9219,54.8906,100,44
694,54.9219,54.8906,100,44
695,54.9219,54.8906,100,43
696,54.9219,54.8906,100,43
697,54.9219,54.8906,100,43
698,54.9219,54.8906,100,44
699,54.9219,54.8906,100,43
700,54.9219,54.8906,100,43
701,54.9219,54.8906,100,44
702,54.9219,54.8906,100,43
703,54.9219,54.8906,100,44
704,54.9219,54.8906,100,44
705,54.9219,54.8906,100,44
706,54.9219,54.8906,100,43
707,54.9219,54.8906,100,43
708,54.9219,54.8906,100,43
709,54.9219,54.8906,100,44
710,54.9219,54.8906,100,44
711,54.9219,54.8906,100,44
712,54.9219,54.8906,100,44
713,54.9219,54.8906,100,43
714,54.9219,54.8906,100,43
715,54.9219,54.8906,100,43
716,54.9219,54.8906,100,44
717,54.9219,54.8906,100,43
718,54.9219,54.8906,100,44
719,54.9219,54.8906,100,43
720,54.9219,54.8906,100,44
721,54.9219,54.8906,100,44
722,54.9219,54.8906,100,44
723,54.9219,54.8906,100,44
724,54.9219,54.8906,100,43
725,54.9219,54.8906,100,44
726,54.9219,54.8906,100,44
727,54.9219,54.8906,100,44
728,54.9219,54.8906,100,43
729,54.9219,54.8906,100,43
730,54.9219,54.8906,100,43
731,54.9219,54.8906,100,43
732,54.9219,54.8906,100,43
733,54.9219,54.8906,100,43
734,54.9219,54.8906,100,43
735,54.9219,54.8906,100,44
736,54.9219,54.8906,100,44
737,54.9219,54.8906,100,43
738,54.9219,54.8906,100,43
739,54.9219,54.8906,100,43
740,54.9219,54.8906,100,44
741,54.9219,54.8906,100,43
742,54.9219,54.8906,100,43
743,54.9219,54.8906,100,43
744,54.9219,54.8906,100,43
745,54.9219,54.8906,100,44
746,54.9219,54.8906,100,44
747,54.9219,54.8906,100,44
748,54.9219,54.8984,100,44
749,54.9219,54.8984,100,44
750,54.9219,54.8984,100,44
751,54.9219,54.8984,100,44
752,54.9219,54.8984,100,44
753,54.9219,54.8984,100,44
754,54.9219,54.8984,100,44
755,54.9219,54.8984,100,44
756,54.9219,54.8984,100,44
757,54.9219,54.8984,100,44
758,54.9219,54.8984,100,44
759,54.9219,54.8984,100,44
760,54.9219,54.8984,100,43
761,54.9219,54.8984,100,44
762,54.9219,54.8984,100,44
763,54.9219,54.8984,100,44
764,54.9219,54.8984,100,44
765,54.9219,54.8984,100,44
766,54.9219,54.8984,100,44
767,54.9219,54.8984,100,44
768,54.9219,54.8984,100,44
769,54.9219,54.8984,100,43
770,54.9219,54.8984,100,43
771,54.9219,54.8984,100,44
772,54.9219,54.8984,100,43
773,54.9219,54.8984,100,44
774,54.9219,54.8984,100,43
775,54.9219,54.8984,100,44
776,54.9219,54.8984,100,44
777,54.9219,54.8984,100,43
778,54.9219,54.8984,100,44
779,54.9219,54.8984,100,44
780,54.9219,54.8984,100,44
781,54.9219,54.8984,100,44
782,54.9219,54.8984,100,43
783,54.9219,54.8984,100,44
784,54.9219,54.8984,100,43
785,54.9219,54.8984,100,44
786,54.9219,54.8984,100,44
787,54.9219,54.8984,100,44
788,54.9219,54.8984,100,44
789,54.9219,54.8984,100,44
790,54.9219,54.8984,100,44
791,54.9219,54.8984,100,44
792,54.9219,54.8984,100,43
793,54.9219,54.8984,100,43
794,54.9219,54.8984,100,43
795,54.9219,54.8984,100,43
796,54.9219,54.8984,100,44
797,54.9219,54.8984,100,44
798,54.9219,54.8984,100,44
799,54.9219,54.8984,100,44
800,54.9219,54.8984,100,44
801,54.9219,54.8984,100,44
802,54.9219,54.8984,100,44
803,54.9219,54.8984,100,44
804,54.9219,54.8984,100,43
805,54.9219,54.8984,100,43
806,54.9219,54.8984,100,44
807,54.9219,54.8984,100,44
808,54.9219,54.8984,100,44
809,54.9219,54.8984,100,44
810,54.9219,54.8984,100,44
811,54.9219,54.8984,100,44
812,54.9219,54.8984,100,44
813,54.9219,54.8984,100,44
814,54.9219,54.8984,100,44
815,54.9219,54.8984,100,44
816,54.9219,54.8984,100,44
817,54.9219,54.8984,100,43
818,54.9219,54.8984,100,43
819,54.9219,54.8984,100,44
820,54.9219,54.8984,100,43
821,54.9219,54.8984,100,44
822,54.9219,54.8984,100,44
823,54.9219,54.8984,100,44
824,54.9219,54.8984,100,44
825,54.9219,54.8984,100,44
826,54.9219,54.8984,100,43
827,54.9219,54.8984,100,44
828,54.9219,54.8984,100,43
829,54.9219,54.8984,100,44
830,54.9219,54.8984,100,44
831,54.9219,54.8984,100,44
832,54.9219,54.8984,100,44
833,54.9219,54.8984,100,43
834,54.9219,54.8984,100,43
835,54.9219,54.8984,100,43
836,54.9219,54.8984,100,43
837,54.9219,54.8984,100,43
838,54.9219,54.8984,100,44
839,54.9219,54.8984,100,44
840,54.9219,54.8984,100,44
841,54.9219,54.8984,100,43
842,54.9219,54.8984,100,44
843,54.9219,54.8984,100,43
844,54.9219,54.8984,100,44
845,54.9219,54.8984,100,44
846,54.9219,54.8984,100,44
847,54.9219,54.8984,100,44
848,54.9219,54.8984,100,43
849,54.9219,54.8984,100,44
850,54.9219,54.8984,100,44
851,54.9219,54.8984,100,44
852,54.9219,54.8984,100,43
853,54.9219,54.8984,100,43
854,54.9219,54.8984,100,43
855,54.9219,54.8984,100,43
856,54.9219,54.8984,100,43
857,54.9219,54.8984,100,43
858,54.9219,54.8984,100,44
859,54.9219,54.8984,100,43
860,54.9219,54.8984,100,43
861,54.9219,54.8984,100,43
862,54.9219,54.8984,100,44
863,54.9219,54.8984,100,43
864,54.9219,54.8984,100,44
865,54.9219,54.8984,100,44
866,54.9219,54.8984,100,43
867,54.9219,54.8984,100,43
868,54.9219,54.8984,100,44
869,54.9219,54.8984,100,43
870,54.9219,54.8984,100,43
871,54.9219,54.8984,100,43
872,54.9219,54.8984,100,43
873,54.9219,54.8984,100,43
874,54.9219,54.8984,100,43
875,54.9219,54.8984,100,43
876,54.9219,54.8984,100,43
877,54.9219,54.8984,100,43
878,54.9219,54.8984,100,43
879,54.9219,54.8984,100,43
880,54.9219,54.8984,100,44
881,54.9219,54.8984,100,44
882,54.9219,54.8984,100,43
883,54.9219,54.8984,100,43
884,54.9219,54.8984,100,43
885,54.9219,54.8984,100,43
886,54.9219,54.8984,100,43
887,54.9219,54.8984,100,43
888,54.9219,54.8984,100,43
889,54.9219,54.8984,100,43
890,54.9219,54.8984,100,43
891,54.9219,54.8984,100,43
892,54.9219,54.8984,100,44
893,54.9219,54.8984,100,43
894,54.9219,54.8984,100,43
895,54.9219,54.8984,100,43
896,54.9219,54.8984,100,43
897,54.9219,54.8984,100,43
898,54.9219,54.8984,100,43
899,54.9219,54.8984,100,43
900,54.9219,54.8984,100,43
901,54.9219,54.8984,100,43
902,54.9219,54.8984,100,43
903,54.9219,54.8984,100,43
904,54.9219,54.8984,100,43
905,54.9219,54.8984,100,43
906,54.9219,54.8984,100,43
907,54.9219,54.8984,100,43
908,54.9219,54.8984,100,43
909,54.9219,54.8984,100,43
910,54.9219,54.8984,100,43
911,54.9219,54.8984,100,44
912,54.9219,54.8984,100,43
913,54.9219,54.8984,100,43
914,54.9219,54.8984,100,43
915,54.9219,54.8984,100,44
916,54.9219,54.8984,100,44
917,54.9219,54.8984,100,44
918,54.9219,54.8984,100,43
919,54.9219,54.8984,100,43
920,54.9219,54.8984,100,43
921,54.9219,54.8984,100,43
922,54.9219,54.8984,100,43
923,54.9219,54.8984,100,43
924,54.9219,54.8984,100,44
925,54.9219,54.8984,100,43
926,54.9219,54.8984,100,43
927,54.9219,54.8984,100,43
928,54.9219,54.8984,100,43
929,54.9219,54.8984,100,43
930,54.9219,54.8984,100,44
931,54.9219,54.8984,100,43
932,54.9219,54.8984,100,43
933,54.9219,54.8984,100,43
934,54.9219,54.8984,100,43
935,54.9219,54.8984,100,43
936,54.9219,54.8984,100,43
937,54.9219,54.8984,100,43
938,54.9219,54.8984,100,43
939,54.9219,54.8984,100,43
940,54.9219,54.8984,100,43
941,54.9219,54.8984,100,43
942,54.9219,54.8984,100,43
943,54.9219,54.8984,100,44
944,54.9219,54.8984,100,43
945,54.9219,54.8984,100,43
946,54.9219,54.8984,100,43
947,54.9219,54.8984,100,43
948,54.9219,54.8984,100,43
949,54.9219,54.8984,100,43
950,54.9219,54.8984,100,44
951,54.9219,54.8984,100,43
952,54.9219,54.8984,100,43
953,54.9219,54.8984,100,43
954,54.9219,54.8984,100,43
955,54.9219,54.8984,100,43
956,54.9219,54.8984,100,43
957,54.9219,54.8984,100,44
958,54.9219,54.8984,100,44
959,54.9219,54.8984,100,44
960,54.9219,54.8984,100,43
961,54.9219,54.8984,100,43
962,54.9219,54.8984,100,44
963,54.9219,54.8984,100,43
964,54.9219,54.8984,100,43
965,54.9219,54.8984,100,43
966,54.9219,54.8984,100,43
967,54.9219,54.8984,100,43
968,54.9219,54.8984,100,43
969,54.9219,54.8984,100,43
970,54.9219,54.8984,100,43
971,54.9219,54.8984,100,44
972,54.9219,54.8984,100,43
973,54.9219,54.8984,100,43
974,54.9219,54.8984,100,43
975,54.9219,54.8984,100,43
976,54.9219,54.8984,100,44
977,54.9219,54.8984,100,44
978,54.9219,54.8984,100,44
979,54.9219,54.8984,100,43
980,54.9219,54.8984,100,43
981,54.9219,54.8984,100,43
982,54.9219,54.8984,100,43
983,54.9219,54.8984,100,43
984,54.9219,54.8984,100,43
985,54.9219,54.8984,100,44
986,54.9219,54.8984,100,43
987,54.9219,54.8984,100,43
988,54.9219,54.8984,100,44
989,54.9219,54.8984,100,43
990,54.9219,54.8984,100,43
991,54.9219,54.8984,100,43
992,54.9219,54.8984,100,43
993,54.9219,54.8984,100,43
994,54.9219,54.9062,100,44
995,54.9219,54.9062,100,44
996,54.9219,54.9062,100,44
997,54.9219,54.9062,100,44
998,54.9219,54.9062,100,44
999,54.9219,54.9062,100,44
1000,54.9219,54.9062,100,44
1001,54.9219,54.9062,100,44
1002,54.9219,54.9062,100,44
1003,54.9219,54.9062,100,43
1004,54.9219,54.9062,100,44
1005,54.9219,54.9062,100,43
1006,54.9219,54.9062,100,43
1007,54.9219,54.9062,100,43
1008,54.9219,54.9062,100,43
1009,54.9219,54.9062,100,44
1010,54.9219,54.9062,100,43
1011,54.9219,54.9062,100,44
1012,54.9219,54.9062,100,44
1013,54.9219,54.9062,100,43
1014,54.9219,54.9062,100,44
1015,54.9219,54.9062,100,44
1016,54.9219,54.9062,100,44
1017,54.9219,54.9062,100,44
1018,54.9219,54.9062,100,44
1019,54.9219,54.9062,100,43
1020,54.9219,54.9062,100,44
1021,54.9219,54.9062,100,44
1022,54.9219,54.9062,100,43
1023,54.9375,54.9062,100,44
1024,54.9375,54.9062,100,44
1025,54.9375,54.9062,100,44
1026,54.9375,54.9062,100,44
1027,54.9375,54.9062,100,43
1028,54.9375,54.9062,100,44
1029,54.9375,54.9062,100,44
1030,54.9375,54.9062,100,44
1031,54.9375,54.9062,100,43
1032,54.9375,54.9062,100,44
1033,54.9375,54.9062,100,44
1034,54.9375,54.9062,100,44
1035,54.9375,54.9062,100,44
1036,54.9375,54.9062,100,44
1037,54.9375,54.9062,100,44
1038,54.9375,54.9062,100,43
1039,54.9375,54.9062,100,43
1040,54.9375,54.9062,100,44
1041,54.9375,54.9062,100,44
1042,54.9375,54.9062,100,44
1043,54.9375,54.9062,100,44
1044,54.9375,54.9062,100,44
1045,54.9375,54.9062,100,43
1046,54.9375,54.9062,100,43
1047,54.9375,54.9062,100,44
1048,54.9375,54.9062,100,44
1049,54.9375,54.9062,100,43
1050,54.9375,54.9062,100,43
1051,54.9375,54.9062,100,43
1052,54.9375,54.9062,100,43
1053,54.9375,54.9062,100,44
1054,54.9375,54.9062,100,44
1055,54.9375,54.9062,100,44
1056,54.9375,54.9062,100,44
1057,54.9375,54.9062,100,44
1058,54.9375,54.9062,100,43
1059,54.9375,54.9062,100,43
1060,54.9375,54.9062,100,44
1061,54.9375,54.9062,100,43
1062,54.9375,54.9062,100,44
1063,54.9375,54.9062,100,43
1064,54.9375,54.9062,100,44
1065,54.9375,54.9062,100,44
1066,54.9375,54.9062,100,44
1067,54.9375,54.9062,100,43
1068,54.9375,54.9062,100,44
1069,54.9375,54.9062,100,43
1070,54.9375,54.9062,100,44
1071,54.9375,54.9062,100,43
1072,54.9375,54.9062,100,43
1073,54.9375,54.9062,100,44
1074,54.9375,54.9062,100,44
1075,54.9375,54.9062,100,44
1076,54.9375,54.9062,100,44
1077,54.9375,54.9062,100,43
1078,54.9375,54.9062,100,44
1079,54.9375,54.9062,100,44
1080,54.9375,54.9062,100,44
1081,54.9375,54.9062,100,43
1082,54.9375,54.9062,100,43
1083,54.9375,54.9062,100,43
1084,54.9375,54.9062,100,43
1085,54.9375,54.9062,100,43
1086,54.9375,54.9062,100,44
1087,54.9375,54.9062,100,43
1088,54.9375,54.9062,100,43
1089,54.9375,54.9062,100,43
1090,54.9375,54.9062,100,44
1091,54.9375,54.9062,100,43
1092,54.9375,54.9062,100,43
1093,54.9375,54.9062,100,43
1094,54.9375,54.9062,100,44
1095,54.9375,54.9062,100,43
1096,54.9375,54.9062,100,43
1097,54.9375,54.9062,100,43
1098,54.9375,54.9062,100,43
1099,54.9375,54.9062,100,43
1100,54.9375,54.9062,100,44
1101,54.9375,54.9062,100,44
1102,54.9375,54.9062,100,43
1103,54.9375,54.9062,100,43
1104,54.9375,54.9062,100,44
1105,54.9375,54.9062,100,43
1106,54.9375,54.9062,100,43
1107,54.9375,54.9062,100,44
1108,54.9375,54.9062,100,43
1109,54.9375,54.9062,100,43
1110,54.9375,54.9062,100,43
1111,54.9375,54.9062,100,43
1112,54.9375,54.9062,100,43
1113,54.9375,54.9062,100,43
1114,54.9375,54.9062,100,43
1115,54.9375,54.9062,100,43
1116,54.9375,54.9062,100,43
1117,54.9375,54.9062,100,44
1118,54.9375,54.9062,100,44
1119,54.9375,54.9062,100,43
1120,54.9375,54.9062,100,43
1121,54.9375,54.9062,100,43
1122,54.9375,54.9062,100,43
1123,54.9375,54.9062,100,43
1124,54.9375,54.9062,100,43
1125,54.9375,54.9062,100,44
1126,54.9375,54.9062,100,43
1127,54.9375,54.9062,100,44
1128,54.9375,54.9062,100,44
1129,54.9375,54.9062,100,43
1130,54.9375,54.9062,100,43
1131,54.9375,54.9062,100,44
1132,54.9375,54.9062,100,43
1133,54.9375,54.9062,100,43
1134,54.9375,54.9062,100,43
1135,54.9375,54.9062,100,43
1136,54.9375,54.9062,100,43
1137,54.9375,54.9062,100,43
1138,54.9375,54.9062,100,43
1139,54.9375,54.9062,100,43
1140,54.9375,54.9062,100,43
1141,54.9375,54.9062,100,43
1142,54.9375,54.9062,100,43
1143,54.9375,54.9062,100,43
1144,54.9375,54.9062,100,43
1145,54.9375,54.9062,100,43
1146,54.9375,54.9062,100,43
1147,54.9375,54.9062,100,43
1148,54.9375,54.9062,100,43
1149,54.9375,54.9062,100,43
1150,54.9375,54.9062,100,43
1151,54.9375,54.9062,100,43
1152,54.9375,54.9062,100,43
1153,54.9375,54.9062,100,43
1154,54.9375,54.9062,100,43
1155,54.9375,54.9062,100,43
1156,54.9375,54.9062,100,43
1157,54.9375,54.9062,100,43
1158,54.9375,54.9062,100,43
1159,54.9375,54.9062,100,43
1160,54.9375,54.9062,100,43
1161,54.9375,54.9062,100,43
1162,54.9375,54.9062,100,43
1163,54.9375,54.9062,100,43
1164,54.9375,54.9062,100,43
1165,54.9375,54.9062,100,43
1166,54.9375,54.9062,100,43
1167,54.9375,54.9062,100,44
1168,54.9375,54.9062,100,43
1169,54.9375,54.9062,100,43
1170,54.9375,54.9062,100,43
1171,54.9375,54.9062,100,43
1172,54.9375,54.9062,100,43
1173,54.9375,54.9062,100,43
1174,54.9375,54.9062,100,43
1175,54.9375,54.9062,100,43
1176,54.9375,54.9062,100,43
1177,54.9375,54.9062,100,43
1178,54.9375,54.9062,100,44
1179,54.9375,54.9062,100,43
1180,54.9375,54.9062,100,43
1181,54.9375,54.9062,100,43
1182,54.9375,54.9062,100,43
1183,54.9375,54.9062,100,43
1184,54.9375,54.9062,100,44
1185,54.9375,54.9062,100,43
1186,54.9375,54.9141,100,44
1187,54.9375,54.9141,100,44
1188,54.9375,54.9141,100,44
1189,54.9375,54.9141,100,43
1190,54.9375,54.9141,100,43
1191,54.9375,54.9141,100,44
1192,54.9375,54.9141,100,43
1193,54.9375,54.9141,100,43
1194,54.9375,54.9141,100,44
1195,54.9375,54.9141,100,44
1196,54.9375,54.9141,100,44
1197,54.9375,54.9141,100,44
1198,54.9375,54.9141,100,44
1199,54.9375,54.9141,100,44
1200,54.9375,54.9141,100,43
1201,54.9375,54.9141,100,43
1202,54.9375,54.9141,100,44
1203,54.9375,54.9141,100,44
1204,54.9375,54.9141,100,43
1205,54.9375,54.9141,100,44
1206,54.9375,54.9141,100,43
1207,54.9375,54.9141,100,44
1208,54.9375,54.9141,100,44
1209,54.9375,54.9141,100,44
1210,54.9375,54.9141,100,44
1211,54.9375,54.9141,100,44
1212,54.9375,54.9141,100,44
1213,54.9375,54.9141,100,43
1214,54.9375,54.9141,100,44
1215,54.9375,54.9141,100,44
1216,54.9375,54.9141,100,44
1217,54.9375,54.9141,100,43
1218,54.9375,54.9141,100,43
1219,54.9375,54.9141,100,43
1220,54.9375,54.9141,100,44
1221,54.9375,54.9141,100,44
1222,54.9375,54.9141,100,44
1223,54.9375,54.9141,100,44
1224,54.9375,54.9141,100,44
1225,54.9375,54.9141,100,44
1226,54.9375,54.9141,100,44
1227,54.9375,54.9141,100,44
1228,54.9375,54.9141,100,44
1229,54.9375,54.9141,100,43
1230,54.9375,54.9141,100,44
1231,54.9375,54.9141,100,44
1232,54.9375,54.9141,100,44
1233,54.9375,54.9141,100,44
1234,54.9375,54.9141,100,43
1235,54.9375,54.9141,100,44
1236,54.9375,54.9141,100,44
1237,54.9375,54.9141,100,44
1238,54.9375,54.9141,100,44
1239,54.9375,54.9141,100,43
1240,54.9375,54.9141,100,44
1241,54.9375,54.9141,100,43
1242,54.9375,54.9141,100,44
1243,54.9375,54.9141,100,44
1244,54.9375,54.9141,100,43
1245,54.9375,54.9141,100,44
1246,54.9375,54.9141,100,44
1247,54.9375,54.9141,100,44
1248,54.9375,54.9141,100,44
1249,54.9375,54.9141,100,44
1250,54.9375,54.9141,100,43
1251,54.9375,54.9141,100,43
1252,54.9375,54.9141,100,44
1253,54.9375,54.9141,100,43
1254,54.9375,54.9141,100,43
1255,54.9375,54.9141,100,44
1256,54.9375,54.9141,100,44
1257,54.9375,54.9141,100,44
1258,54.9375,54.9141,100,43
1259,54.9375,54.9141,100,44
1260,54.9375,54.9141,100,44
1261,54.9375,54.9141,100,43
1262,54.9375,54.9141,100,44
1263,54.9375,54.9141,100,44
1264,54.9375,54.9141,100,44
1265,54.9375,54.9141,100,43
1266,54.9375,54.9141,100,44
1267,54.9375,54.9141,100,44
1268,54.9375,54.9141,100,43
1269,54.9375,54.9141,100,43
1270,54.9375,54.9141,100,44
1271,54.9375,54.9141,100,44
1272,54.9375,54.9141,100,44
1273,54.9375,54.9141,100,43
1274,54.9375,54.9141,100,44
1275,54.9375,54.9141,100,44
1276,54.9375,54.9141,100,44
1277,54.9375,54.9141,100,43
1278,54.9375,54.9141,100,44
1279,54.9375,54.9141,100,44
1280,54.9375,54.9141,100,44
1281,54.9375,54.9141,100,44
1282,54.9375,54.9141,100,44
1283,54.9375,54.9141,100,44
1284,54.9375,54.9141,100,44
1285,54.9375,54.9141,100,44
1286,54.9375,54.9141,100,44
1287,54.9375,54.9141,100,43
1288,54.9375,54.9141,100,44
1289,54.9375,54.9141,100,44
1290,54.9375,54.9141,100,44
1291,54.9375,54.9141,100,44
1292,54.9375,54.9141,100,44
1293,54.9375,54.9141,100,43
1294,54.9375,54.9141,100,44
1295,54.9375,54.9141,100,44
1296,54.9375,54.9141,100,44
1297,54.9375,54.9141,100,44
1298,54.9453,54.9141,100,44
1299,54.9453,54.9141,100,43
1300,54.9453,54.9141,100,44
1301,54.9453,54.9141,100,43
1302,54.9453,54.9141,100,44
1303,54.9453,54.9141,100,44
1304,54.9453,54.9141,100,43
1305,54.9453,54.9141,100,44
1306,54.9453,54.9141,100,44
1307,54.9453,54.9141,100,44
1308,54.9453,54.9141,100,44
1309,54.9453,54.9141,100,43
1310,54.9453,54.9141,100,43
1311,54.9453,54.9141,100,43
1312,54.9453,54.9141,100,43
1313,54.9453,54.9141,100,43
1314,54.9453,54.9141,100,44
1315,54.9453,54.9141,100,44
1316,54.9453,54.9141,100,44
1317,54.9453,54.9141,100,43
1318,54.9453,54.9141,100,44
1319,54.9453,54.9141,100,44
1320,54.9453,54.9141,100,43
1321,54.9453,54.9141,100,44
1322,54.9453,54.9141,100,44
1323,54.9453,54.9141,100,43
1324,54.9453,54.9141,100,43
1325,54.9453,54.9141,100,43
1326,54.9453,54.9141,100,43
1327,54.9453,54.9141,100,43
1328,54.9453,54.9141,100,43
1329,54.9453,54.9141,100,44
1330,54.9453,54.9141,100,43
1331,54.9453,54.9141,100,43
1332,54.9453,54.9141,100,43
1333,54.9453,54.9141,100,43
1334,54.9453,54.9141,100,43
1335,54.9453,54.9141,100,43
1336,54.9453,54.9141,100,43
1337,54.9453,54.9141,100,43
1338,54.9453,54.9141,100,43
1339,54.9453,54.9141,100,43
1340,54.9453,54.9141,100,43
1341,54.9453,54.9141,100,43
1342,54.9453,54.9141,100,43
1343,54.9453,54.9141,100,44
1344,54.9453,54.9141,100,44
1345,54.9453,54.9141,100,43
1346,54.9453,54.9141,100,43
1347,54.9453,54.9141,100,43
1348,54.9453,54.9141,100,43
1349,54.9453,54.9141,100,43
1350,54.9453,54.9141,100,43
1351,54.9453,54.9141,100,43
1352,54.9453,54.9141,100,43
1353,54.9453,54.9141,100,43
1354,54.9453,54.9141,100,43
1355,54.9453,54.9141,100,43
1356,54.9453,54.9141,100,43
1357,54.9453,54.9141,100,43
1358,54.9453,54.9141,100,43
1359,54.9453,54.9141,100,43
1360,54.9453,54.9141,100,43
1361,54.9453,54.9141,100,44
1362,54.9453,54.9141,100,43
1363,54.9453,54.9141,100,44
1364,54.9453,54.9141,100,43
1365,54.9453,54.9141,100,43
1366,54.9453,54.9141,100,44
1367,54.9453,54.9141,100,43
1368,54.9453,54.9141,100,43
1369,54.9453,54.9141,100,43
1370,54.9453,54.9141,100,43
1371,54.9453,54.9141,100,43
1372,54.9453,54.9141,100,43
1373,54.9453,54.9141,100,43
1374,54.9453,54.9141,100,43
1375,54.9453,54.9141,100,43
1376,54.9453,54.9141,100,43
1377,54.9453,54.9141,100,43
1378,54.9453,54.9141,100,43
1379,54.9453,54.9141,100,43
1380,54.9453,54.9141,100,43
1381,54.9453,54.9141,100,43
1382,54.9453,54.9141,100,44
1383,54.9453,54.9141,100,44
1384,54.9453,54.9141,100,43
1385,54.9453,54.9141,100,43
1386,54.9453,54.9141,100,43
1387,54.9453,54.9141,100,44
1388,54.9453,54.9141,100,43
1389,54.9453,54.9141,100,44
1390,54.9453,54.9141,100,43
1391,54.9453,54.9141,100,43
1392,54.9453,54.9141,100,43
1393,54.9453,54.9141,100,43
1394,54.9453,54.9141,100,43
1395,54.9453,54.9141,100,44
1396,54.9453,54.9141,100,44
1397,54.9453,54.9141,100,43
1398,54.9453,54.9141,100,43
1399,54.9453,54.9141,100,43
1400,54.9453,54.9141,100,43
1401,54.9453,54.9141,100,43
1402,54.9453,54.9141,100,43
1403,54.9453,54.9141,100,43
1404,54.9453,54.9141,100,44
1405,54.9453,54.9141,100,43
1406,54.9453,54.9141,100,43
1407,54.9453,54.9141,100,43
1408,54.9453,54.9141,100,43
1409,54.9453,54.9141,100,44
1410,54.9453,54.9141,100,43
1411,54.9453,54.9141,100,43
1412,54.9453,54.9141,100,43
1413,54.9453,54.9141,100,43
1414,54.9453,54.9141,100,43
1415,54.9453,54.9141,100,44
1416,54.9453,54.9141,100,44
1417,54.9453,54.9141,100,43
1418,54.9453,54.9141,100,44
1419,54.9453,54.9141,100,43
1420,54.9453,54.9141,100,43
1421,54.9453,54.9141,100,43
1422,54.9453,54.9141,100,43
1423,54.9453,54.9219,100,44
1424,54.9453,54.9219,100,44
1425,54.9453,54.9219,100,44
1426,54.9453,54.9219,100,44
1427,54.9453,54.9219,100,43
1428,54.9453,54.9219,100,44
1429,54.9453,54.9219,100,43
1430,54.9453,54.9219,100,44
1431,54.9453,54.9219,100,44
1432,54.9453,54.9219,100,44
1433,54.9453,54.9219,100,44
1434,54.9453,54.9219,100,44
1435,54.9453,54.9219,100,44
1436,54.9453,54.9219,100,44
1437,54.9453,54.9219,100,44
1438,54.9453,54.9219,100,44
1439,54.9453,54.9219,100,44
1440,54.9453,54.9219,100,44
1441,54.9453,54.9219,100,44
1442,54.9453,54.9219,100,44
1443,54.9453,54.9219,100,44
1444,54.9453,54.9219,100,44
1445,54.9453,54.9219,100,44
1446,54.9453,54.9219,100,44
1447,54.9453,54.9219,100,44
1448,54.9453,54.9219,100,43
1449,54.9453,54.9219,100,44
1450,54.9453,54.9219,100,44
1451,54.9453,54.9219,100,44
1452,54.9453,54.9219,100,43
1453,54.9453,54.9219,100,44
1454,54.9453,54.9219,100,44
1455,54.9453,54.9219,100,44
1456,54.9453,54.9219,100,44
1457,54.9453,54.9219,100,44
1458,54.9453,54.9219,100,44
1459,54.9453,54.9219,100,43
1460,54.9453,54.9219,100,43
1461,54.9453,54.9219,100,44
1462,54.9453,54.9219,100,43
1463,54.9453,54.9219,100,44
1464,54.9453,54.9219,100,43
1465,54.9453,54.9219,100,44
1466,54.9453,54.9219,100,44
1467,54.9453,54.9219,100,43
1468,54.9453,54.9219,100,44
1469,54.9453,54.9219,100,44
1470,54.9453,54.9219,100,43
1471,54.9453,54.9219,100,44
1472,54.9453,54.9219,100,44
1473,54.9453,54.9219,100,44
1474,54.9453,54.9219,100,44
1475,54.9453,54.9219,100,43
1476,54.9453,54.9219,100,44
1477,54.9453,54.9219,100,44
1478,54.9453,54.9219,100,43
1479,54.9453,54.9219,100,43
1480,54.9453,54.9219,100,43
1481,54.9453,54.9219,100,43
1482,54.9453,54.9219,100,44
1483,54.9453,54.9219,100,44
1484,54.9453,54.9219,100,44
1485,54.9453,54.9219,100,43
1486,54.9453,54.9219,100,44
1487,54.9453,54.9219,100,44
1488,54.9453,54.9219,100,44
1489,54.9453,54.9219,100,44
1490,54.9453,54.9219,100,43
1491,54.9453,54.9219,100,44
1492,54.9453,54.9219,100,44
1493,54.9453,54.9219,100,44
1494,54.9453,54.9219,100,43
1495,54.9453,54.9219,100,44
1496,54.9453,54.9219,100,44
1497,54.9453,54.9219,100,44
1498,54.9453,54.9219,100,43
1499,54.9453,54.9219,100,43
1500,54.9531,54.9219,100,43
1501,54.9531,54.9219,100,43
1502,54.9531,54.9219,100,44
1503,54.9531,54.9219,100,44
1504,54.9531,54.9219,100,44
1505,54.9531,54.9219,100,44
1506,54.9531,54.9219,100,43
1507,54.9531,54.9219,100,44
1508,54.9531,54.9219,100,43
1509,54.9531,54.9219,100,43
1510,54.9531,54.9219,100,43
1511,54.9531,54.9219,100,44
1512,54.9531,54.9219,100,43
1513,54.9531,54.9219,100,43
1514,54.9531,54.9219,100,44
1515,54.9531,54.9219,100,43
1516,54.9531,54.9219,100,43
1517,54.9531,54.9219,100,43
1518,54.9531,54.9219,100,44
1519,54.9531,54.9219,100,44
1520,54.9531,54.9219,100,43
1521,54.9531,54.9219,100,43
1522,54.9531,54.9219,100,43
1523,54.9531,54.9219,100,43
1524,54.9531,54.9219,100,43
1525,54.9531,54.9219,100,43
1526,54.9531,54.9219,100,43
1527,54.9531,54.9219,100,43
1528,54.9531,54.9219,100,43
1529,54.9531,54.9219,100,43
1530,54.9531,54.9219,100,43
1531,54.9531,54.9219,100,43
1532,54.9531,54.9219,100,43
1533,54.9531,54.9219,100,43
1534,54.9531,54.9219,100,43
1535,54.9531,54.9219,100,44
1536,54.9531,54.9219,100,43
1537,54.9531,54.9219,100,43
1538,54.9531,54.9219,100,44
1539,54.9531,54.9219,100,43
1540,54.9531,54.9219,100,43
1541,54.9531,54.9219,100,43
1542,54.9531,54.9219,100,43
1543,54.9531,54.9219,100,43
1544,54.9531,54.9219,100,43
1545,54.9531,54.9219,100,43
1546,54.9531,54.9219,100,43
1547,54.9531,54.9219,100,43
1548,54.9531,54.9219,100,43
1549,54.9531,54.9219,100,44
1550,54.9531,54.9219,100,43
1551,54.9531,54.9219,100,44
1552,54.9531,54.9219,100,43
1553,54.9531,54.9219,100,43
1554,54.9531,54.9219,100,43
1555,54.9531,54.9219,100,43
1556,54.9531,54.9219,100,43
1557,54.9531,54.9219,100,43
1558,54.9531,54.9219,100,44
1559,54.9531,54.9219,100,43
1560,54.9531,54.9219,100,43
1561,54.9531,54.9219,100,43
1562,54.9531,54.9219,100,43
1563,54.9531,54.9219,100,43
1564,54.9531,54.9219,100,43
1565,54.9531,54.9219,100,43
1566,54.9531,54.9219,100,43
1567,54.9531,54.9219,100,43
1568,54.9531,54.9219,100,43
1569,54.9531,54.9219,100,44
1570,54.9531,54.9219,100,43
1571,54.9531,54.9219,100,43
1572,54.9531,54.9219,100,43
1573,54.9531,54.9219,100,43
1574,54.9531,54.9219,100,43
1575,54.9531,54.9219,100,43
1576,54.9531,54.9219,100,43
1577,54.9531,54.9219,100,43
1578,54.9531,54.9219,100,43
1579,54.9531,54.9219,100,44
1580,54.9531,54.9219,100,44
1581,54.9531,54.9219,100,44
1582,54.9531,54.9219,100,43
1583,54.9531,54.9219,100,43
1584,54.9531,54.9219,100,44
1585,54.9531,54.9219,100,43
1586,54.9531,54.9219,100,43
1587,54.9531,54.9219,100,43
1588,54.9531,54.9219,100,43
1589,54.9531,54.9219,100,44
1590,54.9531,54.9219,100,43
1591,54.9531,54.9219,100,43
1592,54.9531,54.9219,100,43
1593,54.9531,54.9219,100,44
1594,54.9531,54.9219,100,43
1595,54.9531,54.9219,100,43
1596,54.9531,54.9219,100,43
1597,54.9531,54.9219,100,43
1598,54.9531,54.9219,100,43
1599,54.9531,54.9219,100,43
1600,54.9531,54.9219,100,44
1601,54.9531,54.9219,100,44
1602,54.9531,54.9219,100,43
1603,54.9531,54.9219,100,43
1604,54.9531,54.9219,100,43
1605,54.9531,54.9219,100,43
1606,54.9531,54.9219,100,44
1607,54.9531,54.9219,100,44
1608,54.9531,54.9219,100,44
1609,54.9531,54.9219,100,43
1610,54.9531,54.9219,100,43
1611,54.9531,54.9219,100,44
1612,54.9531,54.9219,100,43
1613,54.9531,54.9219,100,43
1614,54.9531,54.9219,100,43
1615,54.9531,54.9219,100,43
1616,54.9531,54.9219,100,43
1617,54.9531,54.9219,100,43
1618,54.9531,54.9219,100,43
1619,54.9531,54.9219,100,44
1620,54.9531,54.9219,100,43
1621,54.9531,54.9219,100,43
1622,54.9531,54.9219,100,43
1623,54.9531,54.9219,100,44
1624,54.9531,54.9219,100,43
1625,54.9531,54.9219,100,43
1626,54.9531,54.9219,100,43
1627,54.9531,54.9219,100,44
1628,54.9531,54.9219,100,43
1629,54.9531,54.9219,100,44
1630,54.9531,54.9219,100,43
1631,54.9531,54.9219,100,43
1632,54.9531,54.9219,100,43
1633,54.9531,54.9219,100,43
1634,54.9531,54.9219,100,43
1635,54.9531,54.9219,100,43
1636,54.9531,54.9219,100,43
1637,54.9531,54.9219,100,43
1638,54.9531,54.9219,100,43
1639,54.9531,54.9219,100,43
1640,54.9531,54.9219,100,43
1641,54.9531,54.9219,100,43
1642,54.9531,54.9219,100,43
1643,54.9531,54.9219,100,43
1644,54.9531,54.9219,100,43
1645,54.9531,54.9219,100,43
1646,54.9531,54.9219,100,43
1647,54.9531,54.9219,100,44
1648,54.9531,54.9219,100,44
1649,54.9531,54.9219,100,43
1650,54.9531,54.9219,100,43
1651,54.9531,54.9219,100,43
1652,54.9531,54.9219,100,43
1653,54.9531,54.9219,100,43
1654,54.9531,54.9219,100,43
1655,54.9531,54.9219,100,44
1656,54.9531,54.9219,100,43
1657,54.9531,54.9219,100,44
1658,54.9531,54.9219,100,43
1659,54.9531,54.9219,100,43
1660,54.9531,54.9219,100,43
1661,54.9531,54.9219,100,43
1662,54.9531,54.9219,100,43
1663,54.9531,54.9219,100,43
1664,54.9531,54.9219,100,44
1665,54.9531,54.9219,100,43
1666,54.9531,54.9219,100,44
1667,54.9531,54.9219,100,43
1668,54.9531,54.9219,100,43
1669,54.9531,54.9219,100,43
1670,54.9531,54.9219,100,43
1671,54.9531,54.9219,100,44
1672,54.9531,54.9219,100,44
1673,54.9531,54.9219,100,43
1674,54.9531,54.9219,100,44
1675,54.9531,54.9219,100,43
1676,54.9531,54.9219,100,43
1677,54.9531,54.9219,100,43
1678,54.9531,54.9219,100,43
1679,54.9531,54.9219,100,43
1680,54.9531,54.9219,100,43
1681,54.9531,54.9219,100,43
1682,54.9531,54.9219,100,43
1683,54.9531,54.9219,100,43
1684,54.9531,54.9219,100,43
1685,54.9531,54.9219,100,43
1686,54.9531,54.9219,100,43
1687,54.9531,54.9219,100,43
1688,54.9531,54.9219,100,43
1689,54.9531,54.9219,100,43
1690,54.9531,54.9219,100,43
1691,54.9531,54.9219,100,43
1692,54.9531,54.9219,100,43
1693,54.9531,54.9219,100,43
1694,54.9531,54.9219,100,43
1695,54.9531,54.9219,100,43
1696,54.9531,54.9219,100,43
1697,54.9531,54.9219,100,43
1698,54.9531,54.9219,100,43
1699,54.9531,54.9219,100,43
1700,54.9531,54.9219,100,43
1701,54.9531,54.9219,100,43
1702,54.9531,54.9219,100,43
1703,54.9531,54.9219,100,43
1704,54.9531,54.9219,100,43
1705,54.9531,54.9219,100,43
1706,54.9531,54.9219,100,43
1707,54.9531,54.9219,100,43
1708,54.9531,54.9219,100,43
1709,54.9531,54.9219,100,43
1710,54.9531,54.9219,100,43
1711,54.9531,54.9219,100,43
1712,54.9531,54.9219,100,43
1713,54.9531,54.9219,100,43
1714,54.9531,54.9219,100,44
1715,54.9531,54.9219,100,43
1716,54.9531,54.9219,100,43
1717,54.9531,54.9219,100,43
1718,54.9531,54.9219,100,43
1719,54.9531,54.9219,100,43
1720,54.9531,54.9219,100,43
1721,54.9531,54.9219,100,43
1722,54.9531,54.9219,100,43
1723,54.9531,54.9219,100,43
1724,54.9531,54.9219,100,43
1725,54.9531,54.9219,100,43
1726,54.9531,54.9219,100,43
1727,54.9531,54.9219,100,43
1728,54.9531,54.9297,100,44
1729,54.9531,54.9297,100,44
1730,54.9531,54.9297,100,44
1731,54.9531,54.9297,100,44
1732,54.9531,54.9297,100,44
1733,54.9531,54.9297,100,43
1734,54.9531,54.9297,100,44
1735,54.9531,54.9297,100,44
1736,54.9531,54.9297,100,44
1737,54.9531,54.9297,100,44
1738,54.9531,54.9297,100,44
1739,54.9531,54.9297,100,44
1740,54.9531,54.9297,100,44
1741,54.9531,54.9297,100,44
1742,54.9531,54.9297,100,44
1743,54.9531,54.9297,100,44
1744,54.9531,54.9297,100,43
1745,54.9531,54.9297,100,44
1746,54.9531,54.9297,100,44
1747,54.9531,54.9297,100,44
1748,54.9531,54.9297,100,44
1749,54.9531,54.9297,100,44
1750,54.9531,54.9297,100,44
1751,54.9531,54.9297,100,44
1752,54.9531,54.9297,100,44
1753,54.9531,54.9297,100,44
1754,54.9531,54.9297,100,44
1755,54.9531,54.9297,100,44
1756,54.9531,54.9297,100,44
1757,54.9531,54.9297,100,44
1758,54.9531,54.9297,100,44
1759,54.9531,54.9297,100,44
1760,54.9531,54.9297,100,44
1761,54.9531,54.9297,100,44
1762,54.9531,54.9297,100,44
1763,54.9531,54.9297,100,44
1764,54.9531,54.9297,100,43
1765,54.9531,54.9297,100,44
1766,54.9531,54.9297,100,43
1767,54.9531,54.9297,100,43
1768,54.9531,54.9297,100,44
1769,54.9531,54.9297,100,44
1770,54.9531,54.9297,100,44
1771,54.9531,54.9297,100,44
1772,54.9531,54.9297,100,44
1773,54.9531,54.9297,100,44
1774,54.9531,54.9297,100,44
1775,54.9531,54.9297,100,44
1776,54.9531,54.9297,100,44
1777,54.9531,54.9297,100,43
1778,54.9531,54.9297,100,43
1779,54.9531,54.9297,100,44
1780,54.9531,54.9297,100,44
1781,54.9531,54.9297,100,44
1782,54.9531,54.9297,100,43
1783,54.9531,54.9297,100,44
1784,54.9531,54.9297,100,44
1785,54.9531,54.9297,100,43
1786,54.9531,54.9297,100,44
1787,54.9531,54.9297,100,44
1788,54.9531,54.9297,100,44
1789,54.9531,54.9297,100,44
1790,54.9531,54.9297,100,44
1791,54.9531,54.9297,100,43
1792,54.9531,54.9297,100,44
1793,54.9531,54.9297,100,44
1794,54.9531,54.9297,100,44
1795,54.9531,54.9297,100,44
1796,54.9531,54.9297,100,44
1797,54.9531,54.9297,100,44
1798,54.9531,54.9297,100,44
1799,54.9531,54.9297,100,44
1800,54.9531,54.9297,100,44
1801,54.9531,54.9297,100,44
1802,54.9531,54.9297,100,43
1803,54.9531,54.9297,100,44
1804,54.9531,54.9297,100,43
1805,54.9531,54.9297,100,44
1806,54.9531,54.9297,100,44
1807,54.9531,54.9297,100,43
1808,54.9531,54.9297,100,43
1809,54.9531,54.9297,100,43
1810,54.9531,54.9297,100,44
1811,54.9531,54.9297,100,43
1812,54.9531,54.9297,100,44
1813,54.9531,54.9297,100,44
1814,54.9531,54.9297,100,44
1815,54.9531,54.9297,100,44
1816,54.9531,54.9297,100,43
1817,54.9531,54.9297,100,43
1818,54.9531,54.9297,100,44
1819,54.9531,54.9297,100,43
1820,54.9531,54.9297,100,44
1821,54.9531,54.9297,100,43
1822,54.9531,54.9297,100,44
1823,54.9531,54.9297,100,44
1824,54.9531,54.9297,100,44
1825,54.9531,54.9297,100,43
1826,54.9531,54.9297,100,44
1827,54.9531,54.9297,100,44
1828,54.9531,54.9297,100,43
1829,54.9531,54.9297,100,43
1830,54.9531,54.9297,100,44
1831,54.9531,54.9297,100,44
1832,54.9531,54.9297,100,44
1833,54.9531,54.9297,100,43
1834,54.9531,54.9297,100,43
1835,54.9531,54.9297,100,43
1836,54.9531,54.9297,100,43
1837,54.9531,54.9297,100,43
1838,54.9531,54.9297,100,43
1839,54.9531,54.9297,100,43
1840,54.9531,54.9297,100,44
1841,54.9531,54.9297,100,43
1842,54.9531,54.9297,100,43
1843,54.9531,54.9297,100,43
1844,54.9531,54.9297,100,44
1845,54.9531,54.9297,100,43
1846,54.9531,54.9297,100,43
1847,54.9531,54.9297,100,43
1848,54.9531,54.9297,100,43
1849,54.9531,54.9297,100,43
1850,54.9531,54.9297,100,43
1851,54.9531,54.9297,100,43
1852,54.9531,54.9297,100,43
1853,54.9531,54.9297,100,43
1854,54.9531,54.9297,100,44
1855,54.9531,54.9297,100,43
1856,54.9531,54.9297,100,43
1857,54.9531,54.9297,100,44
1858,54.9531,54.9297,100,43
1859,54.9531,54.9297,100,43
1860,54.9531,54.9297,100,43
1861,54.9531,54.9297,100,43
1862,54.9531,54.9297,100,43
1863,54.9531,54.9297,100,44
1864,54.9531,54.9297,100,43
1865,54.9531,54.9297,100,43
1866,54.9531,54.9297,100,44
1867,54.9531,54.9297,100,43
1868,54.9531,54.9297,100,43
1869,54.9531,54.9297,100,43
1870,54.9531,54.9297,100,43
1871,54.9531,54.9297,100,43
1872,54.9531,54.9297,100,43
1873,54.9531,54.9297,100,43
1874,54.9531,54.9297,100,44
1875,54.9531,54.9297,100,43
1876,54.9531,54.9297,100,43
1877,54.9531,54.9297,100,43
1878,54.9531,54.9297,100,44
1879,54.9531,54.9297,100,43
1880,54.9531,54.9297,100,43
1881,54.9531,54.9297,100,43
1882,54.9531,54.9297,100,43
1883,54.9531,54.9297,100,43
1884,54.9531,54.9297,100,43
1885,54.9531,54.9297,100,44
1886,54.9531,54.9297,100,43
1887,54.9531,54.9297,100,44
1888,54.9531,54.9297,100,43
1889,54.9531,54.9297,100,44
1890,54.9531,54.9297,100,43
1891,54.9531,54.9297,100,43
1892,54.9531,54.9297,100,43
1893,54.9531,54.9297,100,43
1894,54.9531,54.9297,100,44
1895,54.9531,54.9297,100,44
1896,54.9531,54.9297,100,43
1897,54.9531,54.9297,100,43
1898,54.9531,54.9297,100,43
1899,54.9531,54.9297,100,43
1900,54.9531,54.9297,100,43
1901,54.9531,54.9297,100,44
1902,54.9531,54.9297,100,43
1903,54.9531,54.9297,100,43
1904,54.9531,54.9297,100,43
1905,54.9531,54.9297,100,43
1906,54.9531,54.9297,100,44
1907,54.9531,54.9297,100,44
1908,54.9531,54.9297,100,43
1909,54.9531,54.9297,100,44
1910,54.9531,54.9297,100,43
1911,54.9531,54.9297,100,43
1912,54.9531,54.9297,100,43
1913,54.9531,54.9297,100,43
1914,54.9531,54.9297,100,44
1915,54.9531,54.9297,100,44
1916,54.9531,54.9297,100,43
1917,54.9531,54.9297,100,43
1918,54.9531,54.9297,100,43
1919,54.9531,54.9297,100,43
1920,54.9531,54.9297,100,43
1921,54.9531,54.9297,100,43
1922,54.9531,54.9297,100,44
1923,54.9531,54.9297,100,43
1924,54.9531,54.9297,100,44
1925,54.9531,54.9297,100,44
1926,54.9531,54.9297,100,43
1927,54.9531,54.9297,100,43
1928,54.9531,54.9297,100,43
1929,54.9531,54.9297,100,43
1930,54.9531,54.9297,100,43
1931,54.9531,54.9297,100,43
1932,54.9531,54.9297,100,44
1933,54.9531,54.9297,100,44
1934,54.9531,54.9297,100,43
1935,54.9531,54.9297,100,43
1936,54.9531,54.9297,100,43
1937,54.9531,54.9297,100,44
1938,54.9531,54.9297,100,44
1939,54.9531,54.9297,100,43
1940,54.9531,54.9297,100,43
1941,54.9531,54.9297,100,44
1942,54.9531,54.9297,100,44
1943,54.9531,54.9297,100,43
1944,54.9531,54.9297,100,43
1945,54.9531,54.9297,100,44
1946,54.9531,54.9297,100,44
1947,54.9531,54.9297,100,43
1948,54.9531,54.9297,100,44
1949,54.9531,54.9297,100,43
1950,54.9531,54.9297,100,43
1951,54.9531,54.9297,100,44
1952,54.9531,54.9297,100,43
1953,54.9531,54.9297,100,43
1954,54.9531,54.9297,100,43
1955,54.9531,54.9297,100,43
1956,54.9531,54.9297,100,43
1957,54.9531,54.9297,100,43
1958,54.9531,54.9297,100,44
1959,54.9531,54.9297,100,43
1960,54.9531,54.9297,100,44
1961,54.9531,54.9297,100,43
1962,54.9531,54.9297,100,43
1963,54.9531,54.9297,100,43
1964,54.9531,54.9297,100,43
1965,54.9531,54.9297,100,43
1966,54.9531,54.9297,100,43
1967,54.9531,54.9297,100,43
1968,54.9531,54.9297,100,43
1969,54.9531,54.9297,100,43
1970,54.9531,54.9297,100,43
1971,54.9531,54.9297,100,43
1972,54.9531,54.9297,100,43
1973,54.9531,54.9297,100,44
1974,54.9531,54.9297,100,43
1975,54.9531,54.9297,100,44
1976,54.9531,54.9297,100,43
1977,54.9531,54.9297,100,43
1978,54.9531,54.9297,100,43
1979,54.9531,54.9297,100,43
1980,54.9531,54.9297,100,44
1981,54.9531,54.9297,100,43
1982,54.9531,54.9297,100,44
1983,54.9531,54.9297,100,43
1984,54.9531,54.9297,100,43
1985,54.9531,54.9297,100,43
1986,54.9531,54.9297,100,43
1987,54.9531,54.9297,100,43
1988,54.9531,54.9297,100,44
1989,54.9531,54.9297,100,43
1990,54.9531,54.9297,100,44
1991,54.9531,54.9297,100,43
1992,54.9531,54.9297,100,43
1993,54.9531,54.9297,100,43
1994,54.9531,54.9297,100,43
1995,54.9531,54.9297,100,43
1996,54.9531,54.9297,100,43
1997,54.9531,54.9297,100,43
1998,54.9531,54.9297,100,43
1999,54.9531,54.9297,100,43
2000,54.9531,54.9297,100,43
2001,54.9531,54.9297,100,43
2002,54.9531,54.9297,100,43
2003,54.9531,54.9297,100,43
2004,54.9531,54.9297,100,43
2005,54.9531,54.9297,100,43
2006,54.9531,54.9297,100,44
2007,54.9531,54.9297,100,44
2008,54.9531,54.9297,100,44
2009,54.9531,54.9297,100,43
2010,54.9531,54.9297,100,43
2011,54.9531,54.9297,100,43
2012,54.9531,54.9297,100,43
2013,54.9531,54.9297,100,43
2014,54.9531,54.9297,100,43
2015,54.9531,54.9297,100,44
2016,54.9531,54.9297,100,43
2017,54.9531,54.9297,100,43
2018,54.9531,54.9297,100,43
2019,54.9531,54.9297,100,43
2020,54.9531,54.9297,100,43
2021,54.9531,54.9297,100,43
2022,54.9531,54.9297,100,43
2023,54.9531,54.9297,100,44
2024,54.9531,54.9297,100,44
2025,54.9531,54.9297,100,43
2026,54.9531,54.9297,100,44
2027,54.9531,54.9297,100,43
2028,54.9531,54.9297,100,43
2029,54.9531,54.9297,100,43
2030,54.9531,54.9297,100,44
2031,54.9531,54.9297,100,43
2032,54.9531,54.9297,100,44
2033,54.9531,54.9297,100,43
2034,54.9531,54.9297,100,43
2035,54.9531,54.9297,100,43
2036,54.9531,54.9297,100,44
2037,54.9531,54.9297,100,43
2038,54.9531,54.9375,100,43
2039,54.9531,54.9375,100,44
2040,54.9531,54.9375,100,44
2041,54.9531,54.9375,100,44
2042,54.9531,54.9375,100,43
2043,54.9531,54.9375,100,44
2044,54.9531,54.9375,100,44
2045,54.9531,54.9375,100,44
2046,54.9531,54.9375,100,43
2047,54.9531,54.9375,100,44
2048,54.9531,54.9375,100,44
2049,54.9531,54.9375,100,44
2050,54.9531,54.9375,100,44
2051,54.9531,54.9375,100,44
2052,54.9531,54.9375,100,44
2053,54.9531,54.9375,100,44
2054,54.9531,54.9375,100,44
2055,54.9531,54.9375,100,44
2056,54.9531,54.9375,100,44
2057,54.9531,54.9375,100,44
2058,54.9531,54.9375,100,44
2059,54.9531,54.9375,100,44
2060,54.9531,54.9375,100,43
2061,54.9531,54.9375,100,44
2062,54.9531,54.9375,100,44
2063,54.9531,54.9375,100,43
2064,54.9531,54.9375,100,44
2065,54.9531,54.9375,100,43
2066,54.9531,54.9375,100,44
2067,54.9531,54.9375,100,44
2068,54.9531,54.9375,100,44
2069,54.9531,54.9375,100,44
2070,54.9531,54.9375,100,44
2071,54.9531,54.9375,100,44
2072,54.9531,54.9375,100,44
2073,54.9531,54.9375,100,44
2074,54.9531,54.9375,100,44
2075,54.9531,54.9375,100,44
2076,54.9531,54.9375,100,44
2077,54.9531,54.9375,100,43
2078,54.9531,54.9375,100,44
2079,54.9531,54.9375,100,44
2080,54.9531,54.9375,100,44
2081,54.9531,54.9375,100,44
2082,54.9531,54.9375,100,43
2083,54.9531,54.9375,100,44
2084,54.9531,54.9375,100,44
2085,54.9531,54.9375,100,44
2086,54.9531,54.9375,100,44
2087,54.9531,54.9375,100,44
2088,54.9531,54.9375,100,44
2089,54.9531,54.9375,100,44
2090,54.9531,54.9375,100,44
2091,54.9531,54.9375,100,44
2092,54.9531,54.9375,100,44
2093,54.9531,54.9375,100,44
2094,54.9531,54.9375,100,44
2095,54.9531,54.9375,100,44
2096,54.9531,54.9375,100,44
2097,54.9531,54.9375,100,43
2098,54.9531,54.9375,100,44
2099,54.9531,54.9375,100,44
2100,54.9531,54.9375,100,44
2101,54.9531,54.9375,100,44
2102,54.9531,54.9375,100,44
2103,54.9531,54.9375,100,43
2104,54.9531,54.9375,100,44
2105,54.9531,54.9375,100,44
2106,54.9531,54.9375,100,44
2107,54.9531,54.9375,100,44
2108,54.9531,54.9375,100,44
2109,54.9531,54.9375,100,43
2110,54.9531,54.9375,100,43
2111,54.9531,54.9375,100,43
2112,54.9531,54.9375,100,43
2113,54.9531,54.9375,100,44
2114,54.9531,54.9375,100,44
2115,54.9531,54.9375,100,43
2116,54.9531,54.9375,100,44
2117,54.9531,54.9375,100,43
2118,54.9531,54.9375,100,44
2119,54.9531,54.9375,100,43
2120,54.9531,54.9375,100,44
2121,54.9531,54.9375,100,44
2122,54.9531,54.9375,100,44
2123,54.9531,54.9375,100,44
2124,54.9531,54.9375,100,44
2125,54.9531,54.9375,100,44
2126,54.9531,54.9375,100,44
2127,54.9531,54.9375,100,44
2128,54.9531,54.9375,100,43
2129,54.9531,54.9375,100,44
2130,54.9531,54.9375,100,44
2131,54.9531,54.9375,100,44
2132,54.9531,54.9375,100,44
2133,54.9531,54.9375,100,43
2134,54.9531,54.9375,100,43
2135,54.9531,54.9375,100,44
2136,54.9531,54.9375,100,44
2137,54.9531,54.9375,100,44
2138,54.9531,54.9375,100,43
2139,54.9531,54.9375,100,44
2140,54.9531,54.9375,100,44
2141,54.9531,54.9375,100,43
2142,54.9531,54.9375,100,43
2143,54.9531,54.9375,100,44
2144,54.9531,54.9375,100,44
2145,54.9531,54.9375,100,44
2146,54.9531,54.9375,100,44
2147,54.9531,54.9375,100,44
2148,54.9531,54.9375,100,43
2149,54.9531,54.9375,100,44
2150,54.9531,54.9375,100,44
2151,54.9531,54.9375,100,44
2152,54.9531,54.9375,100,44
2153,54.9531,54.9375,100,44
2154,54.9531,54.9375,100,44
2155,54.9531,54.9375,100,44
2156,54.9531,54.9375,100,43
2157,54.9531,54.9375,100,43
2158,54.9531,54.9375,100,44
2159,54.9531,54.9375,100,43
2160,54.9531,54.9375,100,43
2161,54.9531,54.9375,100,44
2162,54.9531,54.9375,100,44
2163,54.9531,54.9375,100,43
2164,54.9531,54.9375,100,43
2165,54.9531,54.9375,100,43
2166,54.9531,54.9375,100,44
2167,54.9531,54.9375,100,44
2168,54.9531,54.9375,100,43
2169,54.9531,54.9375,100,44
2170,54.9531,54.9375,100,44
2171,54.9531,54.9375,100,44
2172,54.9531,54.9375,100,44
2173,54.9531,54.9375,100,44
2174,54.9531,54.9375,100,44
2175,54.9531,54.9375,100,43
2176,54.9531,54.9375,100,44
2177,54.9531,54.9375,100,44
2178,54.9531,54.9375,100,44
2179,54.9531,54.9375,100,44
2180,54.9531,54.9375,100,44
2181,54.9531,54.9375,100,43
2182,54.9531,54.9375,100,43
2183,54.9531,54.9375,100,44
2184,54.9531,54.9375,100,44
2185,54.9531,54.9375,100,44
2186,54.9531,54.9375,100,43
2187,54.9531,54.9375,100,43
2188,54.9531,54.9375,100,44
2189,54.9531,54.9375,100,44
2190,54.9531,54.9375,100,44
2191,54.9531,54.9375,100,44
2192,54.9531,54.9375,100,43
2193,54.9531,54.9375,100,43
2194,54.9531,54.9375,100,43
2195,54.9531,54.9375,100,43
2196,54.9531,54.9375,100,44
2197,54.9531,54.9375,100,43
2198,54.9531,54.9375,100,44
2199,54.9531,54.9375,100,44
2200,54.9531,54.9375,100,44
2201,54.9531,54.9375,100,44
2202,54.9531,54.9375,100,44
2203,54.9531,54.9375,100,43
2204,54.9531,54.9375,100,43
2205,54.9531,54.9375,100,43
2206,54.9531,54.9375,100,43
2207,54.9531,54.9375,100,43
2208,54.9531,54.9375,100,43
2209,54.9531,54.9375,100,43
2210,54.9531,54.9375,100,44
2211,54.9531,54.9375,100,43
2212,54.9531,54.9375,100,43
2213,54.9609,54.9375,100,43
2214,54.9609,54.9375,100,43
2215,54.9609,54.9375,100,43
2216,54.9609,54.9375,100,44
2217,54.9609,54.9375,100,43
2218,54.9609,54.9375,100,43
2219,54.9609,54.9375,100,44
2220,54.9609,54.9375,100,44
2221,54.9609,54.9375,100,43
2222,54.9609,54.9375,100,44
2223,54.9609,54.9375,100,43
2224,54.9609,54.9375,100,43
2225,54.9609,54.9375,100,43
2226,54.9609,54.9375,100,44
2227,54.9609,54.9375,100,44
2228,54.9609,54.9375,100,43
2229,54.9609,54.9375,100,43
2230,54.9609,54.9375,100,44
2231,54.9609,54.9375,100,43
2232,54.9609,54.9375,100,43
2233,54.9609,54.9375,100,43
2234,54.9609,54.9375,100,43
2235,54.9609,54.9375,100,44
2236,54.9609,54.9375,100,43
2237,54.9609,54.9375,100,43
2238,54.9609,54.9375,100,44
2239,54.9609,54.9375,100,43
2240,54.9609,54.9375,100,43
2241,54.9609,54.9375,100,43
2242,54.9609,54.9375,100,43
2243,54.9609,54.9375,100,43
2244,54.9609,54.9375,100,43
2245,54.9609,54.9375,100,44
2246,54.9609,54.9375,100,43
2247,54.9609,54.9375,100,43
2248,54.9609,54.9375,100,43
2249,54.9609,54.9375,100,44
2250,54.9609,54.9375,100,43
2251,54.9609,54.9375,100,43
2252,54.9609,54.9375,100,43
2253,54.9609,54.9375,100,43
2254,54.9609,54.9375,100,43
2255,54.9609,54.9375,100,43
2256,54.9609,54.9375,100,43
2257,54.9609,54.9375,100,44
2258,54.9609,54.9375,100,43
2259,54.9609,54.9375,100,43
2260,54.9609,54.9375,100,43
2261,54.9609,54.9375,100,43
2262,54.9609,54.9375,100,43
2263,54.9609,54.9375,100,43
2264,54.9609,54.9375,100,43
2265,54.9609,54.9375,100,43
2266,54.9609,54.9375,100,44
2267,54.9609,54.9375,100,43
2268,54.9609,54.9375,100,44
2269,54.9609,54.9375,100,43
2270,54.9609,54.9375,100,43
2271,54.9609,54.9375,100,43
2272,54.9609,54.9375,100,43
2273,54.9609,54.9375,100,44
2274,54.9609,54.9375,100,44
2275,54.9609,54.9375,100,43
2276,54.9609,54.9375,100,43
2277,54.9609,54.9375,100,43
2278,54.9609,54.9375,100,43
2279,54.9609,54.9375,100,43
2280,54.9609,54.9375,100,43
2281,54.9609,54.9375,100,43
2282,54.9609,54.9375,100,43
2283,54.9609,54.9375,100,43
2284,54.9609,54.9375,100,43
2285,54.9609,54.9375,100,43
2286,54.9609,54.9375,100,43
2287,54.9609,54.9375,100,44
2288,54.9609,54.9375,100,43
2289,54.9609,54.9375,100,43
2290,54.9609,54.9375,100,43
2291,54.9609,54.9375,100,43
2292,54.9609,54.9375,100,43
2293,54.9609,54.9375,100,43
2294,54.9609,54.9375,100,44
2295,54.9609,54.9375,100,43
2296,54.9609,54.9375,100,43
2297,54.9609,54.9375,100,44
2298,54.9609,54.9375,100,43
2299,54.9609,54.9375,100,43
2300,54.9609,54.9375,100,43
2301,54.9609,54.9375,100,44
2302,54.9609,54.9375,100,43
2303,54.9609,54.9375,100,43
2304,54.9609,54.9375,100,43
2305,54.9609,54.9375,100,43
2306,54.9609,54.9375,100,44
2307,54.9609,54.9375,100,43
2308,54.9609,54.9375,100,43
2309,54.9609,54.9375,100,44
2310,54.9609,54.9375,100,43
2311,54.9609,54.9375,100,43
2312,54.9609,54.9375,100,43
2313,54.9609,54.9375,100,44
2314,54.9609,54.9375,100,43
2315,54.9609,54.9375,100,44
2316,54.9609,54.9375,100,43
2317,54.9609,54.9375,100,43
2318,54.9609,54.9375,100,43
2319,54.9609,54.9375,100,43
2320,54.9609,54.9375,100,44
2321,54.9609,54.9375,100,43
2322,54.9609,54.9375,100,43
2323,54.9609,54.9375,100,43
2324,54.9609,54.9375,100,43
2325,54.9609,54.9375,100,43
2326,54.9609,54.9375,100,43
2327,54.9609,54.9375,100,43
2328,54.9609,54.9375,100,43
2329,54.9609,54.9375,100,43
2330,54.9609,54.9375,100,43
2331,54.9609,54.9375,100,43
2332,54.9609,54.9375,100,43
2333,54.9609,54.9375,100,44
2334,54.9609,54.9375,100,43
2335,54.9609,54.9375,100,43
2336,54.9609,54.9375,100,43
2337,54.9609,54.9375,100,43
2338,54.9609,54.9375,100,43
2339,54.9609,54.9375,100,43
2340,54.9609,54.9375,100,43
2341,54.9609,54.9375,100,43
2342,54.9609,54.9375,100,43
2343,54.9609,54.9375,100,43
2344,54.9609,54.9375,100,43
2345,54.9609,54.9375,100,44
2346,54.9609,54.9375,100,43
2347,54.9609,54.9375,100,43
2348,54.9609,54.9375,100,44
2349,54.9609,54.9375,100,43
2350,54.9609,54.9375,100,43
2351,54.9609,54.9375,100,43
2352,54.9609,54.9375,100,44
2353,54.9609,54.9375,100,44
2354,54.9609,54.9375,100,43
2355,54.9609,54.9375,100,43
2356,54.9609,54.9375,100,44
2357,54.9609,54.9375,100,43
2358,54.9609,54.9375,100,43
2359,54.9609,54.9375,100,43
2360,54.9609,54.9375,100,43
2361,54.9609,54.9375,100,43
2362,54.9609,54.9375,100,43
2363,54.9609,54.9375,100,43
2364,54.9609,54.9375,100,43
2365,54.9609,54.9375,100,43
2366,54.9609,54.9375,100,43
2367,54.9609,54.9375,100,43
2368,54.9609,54.9375,100,43
2369,54.9609,54.9375,100,44
2370,54.9609,54.9375,100,43
2371,54.9609,54.9375,100,43
2372,54.9609,54.9375,100,43
2373,54.9609,54.9375,100,44
2374,54.9609,54.9375,100,43
2375,54.9609,54.9375,100,43
2376,54.9609,54.9375,100,44
2377,54.9609,54.9375,100,44
2378,54.9609,54.9375,100,43
2379,54.9609,54.9375,100,43
2380,54.9609,54.9375,100,43
2381,54.9609,54.9375,100,43
2382,54.9609,54.9375,100,43
2383,54.9609,54.9375,100,44
2384,54.9609,54.9375,100,43
2385,54.9609,54.9375,100,43
2386,54.9609,54.9375,100,43
2387,54.9609,54.9375,100,43
2388,54.9609,54.9375,100,44
2389,54.9609,54.9375,100,43
2390,54.9609,54.9375,100,43
2391,54.9609,54.9375,100,43
2392,54.9609,54.9375,100,43
2393,54.9609,54.9375,100,43
2394,54.9609,54.9375,100,44
2395,54.9609,54.9375,100,43
2396,54.9609,54.9375,100,43
2397,54.9609,54.9375,100,43
2398,54.9609,54.9375,100,43
2399,54.9609,54.9375,100,43
2400,54.9609,54.9375,100,43
2401,54.9609,54.9375,100,43
2402,54.9609,54.9375,100,43
2403,54.9609,54.9375,100,43
2404,54.9609,54.9375,100,43
2405,54.9609,54.9375,100,43
2406,54.9609,54.9375,100,43
2407,54.9609,54.9375,100,43
2408,54.9609,54.9375,100,43
2409,54.9609,54.9375,100,43
2410,54.9609,54.9375,100,43
2411,54.9609,54.9375,100,43
2412,54.9609,54.9375,100,43
2413,54.9609,54.9375,100,43
2414,54.9609,54.9375,100,43
2415,54.9609,54.9375,100,43
2416,54.9609,54.9375,100,44
2417,54.9609,54.9375,100,43
2418,54.9609,54.9375,100,44
2419,54.9609,54.9375,100,43
2420,54.9609,54.9375,100,43
2421,54.9609,54.9375,100,43
2422,54.9609,54.9375,100,43
2423,54.9609,54.9375,100,43
2424,54.9609,54.9375,100,43
2425,54.9609,54.9375,100,43
2426,54.9609,54.9375,100,43
2427,54.9609,54.9375,100,43
2428,54.9609,54.9375,100,43
2429,54.9609,54.9375,100,43
2430,54.9609,54.9375,100,43
2431,54.9609,54.9375,100,44
2432,54.9609,54.9375,100,43
2433,54.9609,54.9375,100,43
2434,54.9609,54.9375,100,43
2435,54.9609,54.9375,100,43
2436,54.9609,54.9375,100,43
2437,54.9609,54.9375,100,43
2438,54.9609,54.9375,100,43
2439,54.9609,54.9375,100,43
2440,54.9609,54.9375,100,43
2441,54.9609,54.9375,100,43
2442,54.9609,54.9375,100,43
2443,54.9609,54.9375,100,43
2444,54.9609,54.9375,100,43
2445,54.9609,54.9375,100,43
2446,54.9609,54.9375,100,43
2447,54.9609,54.9375,100,43
2448,54.9609,54.9375,100,43
2449,54.9609,54.9375,100,43
2450,54.9609,54.9375,100,43
2451,54.9609,54.9375,100,43
2452,54.9609,54.9375,100,43
2453,54.9609,54.9375,100,43
2454,54.9609,54.9375,100,43
2455,54.9609,54.9375,100,43
2456,54.9609,54.9375,100,43
2457,54.9609,54.9375,100,43
2458,54.9609,54.9375,100,44
2459,54.9609,54.9453,100,43
2460,54.9609,54.9453,100,44
2461,54.9609,54.9453,100,44
2462,54.9609,54.9453,100,44
2463,54.9609,54.9453,100,43
2464,54.9609,54.9453,100,44
2465,54.9609,54.9453,100,44
2466,54.9609,54.9453,100,43
2467,54.9609,54.9453,100,43
2468,54.9609,54.9453,100,44
2469,54.9609,54.9453,100,44
2470,54.9609,54.9453,100,44
2471,54.9609,54.9453,100,43
2472,54.9609,54.9453,100,44
2473,54.9609,54.9453,100,44
2474,54.9609,54.9453,100,44
2475,54.9609,54.9453,100,44
2476,54.9609,54.9453,100,44
2477,54.9609,54.9453,100,43
2478,54.9609,54.9453,100,43
2479,54.9609,54.9453,100,43
2480,54.9609,54.9453,100,44
2481,54.9609,54.9453,100,43
2482,54.9609,54.9453,100,44
2483,54.9609,54.9453,100,44
2484,54.9609,54.9453,100,43
2485,54.9609,54.9453,100,44
2486,54.9609,54.9453,100,43
2487,54.9609,54.9453,100,44
2488,54.9609,54.9453,100,43
2489,54.9609,54.9453,100,43
2490,54.9609,54.9453,100,44
2491,54.9609,54.9453,100,44
2492,54.9609,54.9453,100,44
2493,54.9609,54.9453,100,44
2494,54.9609,54.9453,100,44
2495,54.9609,54.9453,100,44
2496,54.9609,54.9453,100,44
2497,54.9609,54.9453,100,44
2498,54.9609,54.9453,100,44
2499,54.9609,54.9453,100,43
2500,54.9609,54.9453,100,44
2501,54.9609,54.9453,100,44
2502,54.9609,54.9453,100,43
2503,54.9609,54.9453,100,44
2504,54.9609,54.9453,100,44
2505,54.9609,54.9453,100,44
2506,54.9609,54.9453,100,44
2507,54.9609,54.9453,100,44
2508,54.9609,54.9453,100,44
2509,54.9609,54.9453,100,44
2510,54.9609,54.9453,100,44
2511,54.9609,54.9453,100,44
2512,54.9609,54.9453,100,44
2513,54.9609,54.9453,100,44
2514,54.9609,54.9453,100,44
2515,54.9609,54.9453,100,44
2516,54.9609,54.9453,100,44
2517,54.9609,54.9453,100,44
2518,54.9609,54.9453,100,44
2519,54.9609,54.9453,100,44
2520,54.9609,54.9453,100,44
2521,54.9609,54.9453,100,44
2522,54.9609,54.9453,100,44
2523,54.9609,54.9453,100,44
2524,54.9609,54.9453,100,44
2525,54.9609,54.9453,100,44
2526,54.9609,54.9453,100,44
2527,54.9609,54.9453,100,44
2528,54.9609,54.9453,100,44
2529,54.9609,54.9453,100,44
2530,54.9609,54.9453,100,44
2531,54.9609,54.9453,100,44
2532,54.9609,54.9453,100,44
2533,54.9609,54.9453,100,44
2534,54.9609,54.9453,100,44
2535,54.9609,54.9453,100,44
2536,54.9609,54.9453,100,44
2537,54.9609,54.9453,100,44
2538,54.9609,54.9453,100,44
2539,54.9609,54.9453,100,44
2540,54.9609,54.9453,100,44
2541,54.9609,54.9453,100,44
2542,54.9609,54.9453,100,44
2543,54.9609,54.9453,100,44
2544,54.9609,54.9453,100,44
2545,54.9609,54.9453,100,44
2546,54.9609,54.9453,100,44
2547,54.9609,54.9453,100,44
2548,54.9609,54.9453,100,44
2549,54.9609,54.9453,100,44
2550,54.9609,54.9453,100,44
2551,54.9609,54.9453,100,44
2552,54.9609,54.9453,100,44
2553,54.9609,54.9453,100,44
2554,54.9609,54.9453,100,44
2555,54.9609,54.9453,100,44
2556,54.9609,54.9453,100,44
2557,54.9609,54.9453,100,44
2558,54.9609,54.9453,100,44
2559,54.9609,54.9453,100,44
2560,54.9609,54.9453,100,44
2561,54.9609,54.9453,100,43
2562,54.9609,54.9453,100,44
2563,54.9609,54.9453,100,44
2564,54.9609,54.9453,100,44
2565,54.9609,54.9453,100,44
2566,54.9609,54.9453,100,44
2567,54.9609,54.9453,100,44
2568,54.9609,54.9453,100,44
2569,54.9609,54.9453,100,44
2570,54.9609,54.9453,100,43
2571,54.9609,54.9453,100,44
2572,54.9609,54.9453,100,44
2573,54.9609,54.9453,100,44
2574,54.9609,54.9453,100,44
2575,54.9609,54.9453,100,44
2576,54.9609,54.9453,100,44
2577,54.9609,54.9453,100,44
2578,54.9609,54.9453,100,44
2579,54.9609,54.9453,100,44
2580,54.9609,54.9453,100,44
2581,54.9609,54.9453,100,44
2582,54.9609,54.9453,100,44
2583,54.9609,54.9453,100,44
2584,54.9609,54.9453,100,44
2585,54.9609,54.9453,100,44
2586,54.9609,54.9453,100,44
2587,54.9609,54.9453,100,44
2588,54.9609,54.9453,100,44
2589,54.9609,54.9453,100,44
2590,54.9609,54.9453,100,44
2591,54.9609,54.9453,100,43
2592,54.9609,54.9453,100,44
2593,54.9609,54.9453,100,44
2594,54.9609,54.9453,100,44
2595,54.9609,54.9453,100,44
2596,54.9609,54.9453,100,44
2597,54.9609,54.9453,100,44
2598,54.9609,54.9453,100,44
2599,54.9609,54.9453,100,44
2600,54.9609,54.9453,100,44
2601,54.9609,54.9453,100,44
2602,54.9609,54.9453,100,44
2603,54.9609,54.9453,100,44
2604,54.9609,54.9453,100,44
2605,54.9609,54.9453,100,44
2606,54.9609,54.9453,100,44
2607,54.9609,54.9453,100,44
2608,54.9609,54.9453,100,44
2609,54.9609,54.9453,100,44
2610,54.9609,54.9453,100,44
2611,54.9609,54.9453,100,44
2612,54.9609,54.9453,100,44
2613,54.9609,54.9453,100,44
2614,54.9609,54.9453,100,44
2615,54.9609,54.9453,100,44
2616,54.9609,54.9453,100,44
2617,54.9609,54.9453,100,44
2618,54.9609,54.9453,100,43
2619,54.9609,54.9453,100,44
2620,54.9609,54.9453,100,44
2621,54.9609,54.9453,100,43
2622,54.9609,54.9453,100,44
2623,54.9609,54.9453,100,44
2624,54.9609,54.9453,100,44
2625,54.9609,54.9453,100,44
2626,54.9609,54.9453,100,44
2627,54.9609,54.9453,100,44
2628,54.9609,54.9453,100,44
2629,54.9609,54.9453,100,44
2630,54.9609,54.9453,100,44
2631,54.9609,54.9453,100,44
2632,54.9609,54.9453,100,44
2633,54.9609,54.9453,100,44
2634,54.9609,54.9453,100,44
2635,54.9609,54.9453,100,44
2636,54.9609,54.9453,100,44
2637,54.9609,54.9453,100,44
2638,54.9609,54.9453,100,44
2639,54.9609,54.9453,100,44
2640,54.9609,54.9453,100,44
2641,54.9609,54.9453,100,44
2642,54.9609,54.9453,100,43
2643,54.9609,54.9453,100,44
2644,54.9609,54.9453,100,44
2645,54.9609,54.9453,100,44
2646,54.9609,54.9453,100,44
2647,54.9609,54.9453,100,43
2648,54.9609,54.9453,100,43
2649,54.9609,54.9453,100,44
2650,54.9609,54.9453,100,44
2651,54.9609,54.9453,100,44
2652,54.9609,54.9453,100,43
2653,54.9609,54.9453,100,44
2654,54.9609,54.9453,100,44
2655,54.9609,54.9453,100,44
2656,54.9609,54.9453,100,44
2657,54.9609,54.9453,100,44
2658,54.9609,54.9453,100,44
2659,54.9609,54.9453,100,44
2660,54.9609,54.9453,100,44
2661,54.9609,54.9453,100,43
2662,54.9609,54.9453,100,44
2663,54.9609,54.9453,100,43
2664,54.9609,54.9453,100,44
2665,54.9609,54.9453,100,44
2666,54.9609,54.9453,100,44
2667,54.9609,54.9453,100,44
2668,54.9609,54.9453,100,43
2669,54.9609,54.9453,100,44
2670,54.9609,54.9453,100,44
2671,54.9609,54.9453,100,44
2672,54.9609,54.9453,100,44
2673,54.9609,54.9453,100,43
2674,54.9609,54.9453,100,44
2675,54.9609,54.9453,100,44
2676,54.9609,54.9453,100,44
2677,54.9609,54.9453,100,44
2678,54.9609,54.9453,100,44
2679,54.9609,54.9453,100,44
2680,54.9609,54.9453,100,44
2681,54.9609,54.9453,100,44
2682,54.9609,54.9453,100,43
2683,54.9609,54.9453,100,44
2684,54.9609,54.9453,100,44
2685,54.9609,54.9453,100,44
2686,54.9609,54.9453,100,44
2687,54.9609,54.9453,100,44
2688,54.9609,54.9453,100,44
2689,54.9609,54.9453,100,44
2690,54.9609,54.9453,100,44
2691,54.9609,54.9453,100,44
2692,54.9609,54.9453,100,44
2693,54.9609,54.9453,100,44
2694,54.9609,54.9453,100,44
2695,54.9609,54.9453,100,44
2696,54.9609,54.9453,100,44
2697,54.9609,54.9453,100,44
2698,54.9609,54.9453,100,44
2699,54.9609,54.9453,100,44
2700,54.9609,54.9453,100,44
2701,54.9609,54.9453,100,44
2702,54.9609,54.9453,100,43
2703,54.9609,54.9453,100,44
2704,54.9609,54.9453,100,43
2705,54.9609,54.9453,100,43
2706,54.9609,54.9453,100,44
2707,54.9609,54.9453,100,44
2708,54.9609,54.9453,100,44
2709,54.9609,54.9453,100,44
2710,54.9609,54.9453,100,43
2711,54.9609,54.9453,100,44
2712,54.9609,54.9453,100,44
2713,54.9609,54.9453,100,44
2714,54.9609,54.9453,100,44
2715,54.9609,54.9453,100,44
2716,54.9609,54.9453,100,44
2717,54.9609,54.9453,100,43
2718,54.9609,54.9453,100,44
2719,54.9609,54.9453,100,43
2720,54.9609,54.9453,100,43
2721,54.9609,54.9453,100,44
2722,54.9609,54.9453,100,44
2723,54.9609,54.9453,100,44
2724,54.9609,54.9453,100,44
2725,54.9609,54.9453,100,44
2726,54.9609,54.9453,100,44
2727,54.9609,54.9453,100,44
2728,54.9609,54.9453,100,44
2729,54.9609,54.9453,100,44
2730,54.9609,54.9453,100,44
2731,54.9609,54.9453,100,44
2732,54.9609,54.9453,100,44
2733,54.9609,54.9453,100,44
2734,54.9609,54.9453,100,44
2735,54.9609,54.9453,100,44
2736,54.9609,54.9453,100,44
2737,54.9609,54.9453,100,44
2738,54.9609,54.9453,100,44
2739,54.9609,54.9453,100,44
2740,54.9609,54.9453,100,44
2741,54.9609,54.9453,100,44
2742,54.9609,54.9453,100,44
2743,54.9609,54.9453,100,44
2744,54.9609,54.9453,100,44
2745,54.9609,54.9453,100,43
2746,54.9609,54.9453,100,44
2747,54.9609,54.9453,100,44
2748,54.9609,54.9453,100,43
2749,54.9609,54.9453,100,44
2750,54.9609,54.9453,100,44
2751,54.9609,54.9453,100,44
2752,54.9609,54.9453,100,44
2753,54.9609,54.9453,100,44
2754,54.9609,54.9453,100,44
2755,54.9609,54.9453,100,44
2756,54.9609,54.9453,100,44
2757,54.9609,54.9453,100,43
2758,54.9609,54.9453,100,44
2759,54.9609,54.9453,100,44
2760,54.9609,54.9453,100,44
2761,54.9609,54.9453,100,44
2762,54.9609,54.9453,100,44
2763,54.9609,54.9453,100,44
2764,54.9609,54.9453,100,44
2765,54.9609,54.9453,100,44
2766,54.9609,54.9453,100,43
2767,54.9609,54.9453,100,44
2768,54.9609,54.9453,100,44
2769,54.9609,54.9453,100,44
2770,54.9609,54.9453,100,44
2771,54.9609,54.9453,100,44
2772,54.9609,54.9453,100,44
2773,54.9609,54.9453,100,44
2774,54.9609,54.9453,100,44
2775,54.9609,54.9453,100,44
2776,54.9609,54.9453,100,44
2777,54.9609,54.9453,100,43
2778,54.9609,54.9453,100,44
2779,54.9609,54.9453,100,44
2780,54.9609,54.9453,100,44
2781,54.9609,54.9453,100,44
2782,54.9609,54.9453,100,43
2783,54.9609,54.9453,100,44
2784,54.9609,54.9453,100,44
2785,54.9609,54.9453,100,44
2786,54.9609,54.9453,100,44
2787,54.9609,54.9453,100,44
2788,54.9609,54.9453,100,44
2789,54.9609,54.9453,100,44
2790,54.9609,54.9453,100,44
2791,54.9609,54.9453,100,44
2792,54.9609,54.9453,100,44
2793,54.9609,54.9453,100,44
2794,54.9609,54.9453,100,44
2795,54.9609,54.9453,100,44
2796,54.9609,54.9453,100,44
2797,54.9609,54.9453,100,43
2798,54.9609,54.9453,100,44
2799,54.9609,54.9453,100,44
2800,54.9609,54.9453,100,44
2801,54.9609,54.9453,100,44
2802,54.9609,54.9453,100,44
2803,54.9609,54.9453,100,44
2804,54.9609,54.9453,100,44
2805,54.9609,54.9453,100,43
2806,54.9609,54.9453,100,44
2807,54.9609,54.9453,100,44
2808,54.9609,54.9453,100,44
2809,54.9609,54.9453,100,44
2810,54.9609,54.9453,100,44
2811,54.9609,54.9453,100,43
2812,54.9609,54.9453,100,44
2813,54.9609,54.9453,100,43
2814,54.9609,54.9453,100,44
2815,54.9609,54.9453,100,44
2816,54.9609,54.9453,100,44
2817,54.9609,54.9453,100,43
2818,54.9609,54.9453,100,44
2819,54.9609,54.9453,100,43
2820,54.9609,54.9453,100,44
2821,54.9609,54.9453,100,44
2822,54.9609,54.9453,100,44
2823,54.9609,54.9453,100,43
2824,54.9609,54.9453,100,43
2825,54.9609,54.9453,100,44
2826,54.9609,54.9453,100,44
2827,54.9609,54.9453,100,44
2828,54.9609,54.9453,100,44
2829,54.9609,54.9453,100,44
2830,54.9609,54.9453,100,44
2831,54.9609,54.9453,100,43
2832,54.9609,54.9453,100,44
2833,54.9609,54.9453,100,44
2834,54.9609,54.9453,100,43
2835,54.9609,54.9453,100,44
2836,54.9609,54.9453,100,44
2837,54.9609,54.9453,100,44
2838,54.9609,54.9453,100,44
2839,54.9609,54.9453,100,44
2840,54.9609,54.9453,100,44
2841,54.9609,54.9453,100,44
2842,54.9609,54.9453,100,44
2843,54.9609,54.9453,100,44
2844,54.9609,54.9453,100,44
2845,54.9609,54.9453,100,44
2846,54.9609,54.9453,100,44
2847,54.9609,54.9453,100,44
2848,54.9609,54.9453,100,44
2849,54.9609,54.9453,100,44
2850,54.9609,54.9453,100,44
2851,54.9609,54.9453,100,44
2852,54.9609,54.9453,100,44
2853,54.9609,54.9453,100,44
2854,54.9609,54.9453,100,43
2855,54.9609,54.9453,100,44
2856,54.9609,54.9453,100,44
2857,54.9609,54.9453,100,44
2858,54.9609,54.9453,100,44
2859,54.9609,54.9453,100,44
2860,54.9609,54.9453,100,44
2861,54.9609,54.9453,100,44
2862,54.9609,54.9453,100,44
2863,54.9609,54.9453,100,44
2864,54.9609,54.9453,100,44
2865,54.9609,54.9453,100,44
2866,54.9609,54.9453,100,44
2867,54.9609,54.9453,100,43
2868,54.9609,54.9453,100,44
2869,54.9609,54.9453,100,43
2870,54.9609,54.9453,100,44
2871,54.9609,54.9453,100,43
2872,54.9609,54.9453,100,44
2873,54.9609,54.9453,100,44
2874,54.9609,54.9453,100,44
2875,54.9609,54.9453,100,44
2876,54.9609,54.9453,100,43
2877,54.9609,54.9453,100,44
2878,54.9609,54.9453,100,44
2879,54.9609,54.9453,100,44
2880,54.9609,54.9453,100,43
2881,54.9609,54.9453,100,44
2882,54.9609,54.9453,100,43
2883,54.9609,54.9453,100,43
2884,54.9609,54.9453,100,44
2885,54.9609,54.9453,100,44
2886,54.9609,54.9453,100,44
2887,54.9609,54.9453,100,44
2888,54.9609,54.9453,100,43
2889,54.9609,54.9453,100,43
2890,54.9609,54.9453,100,43
2891,54.9609,54.9453,100,43
2892,54.9609,54.9453,100,44
2893,54.9609,54.9453,100,43
2894,54.9609,54.9453,100,44
2895,54.9609,54.9453,100,44
2896,54.9609,54.9453,100,44
2897,54.9609,54.9453,100,43
2898,54.9609,54.9453,100,44
2899,54.9609,54.9453,100,44
2900,54.9609,54.9453,100,43
2901,54.9609,54.9453,100,44
2902,54.9609,54.9453,100,43
2903,54.9609,54.9453,100,43
2904,54.9609,54.9453,100,44
2905,54.9609,54.9453,100,44
2906,54.9609,54.9453,100,43
2907,54.9609,54.9453,100,44
2908,54.9609,54.9453,100,44
2909,54.9609,54.9453,100,44
2910,54.9609,54.9453,100,43
2911,54.9609,54.9453,100,44
2912,54.9609,54.9453,100,43
2913,54.9609,54.9453,100,44
2914,54.9609,54.9453,100,43
2915,54.9609,54.9453,100,44
2916,54.9609,54.9453,100,44
2917,54.9609,54.9453,100,43
2918,54.9609,54.9453,100,43
2919,54.9609,54.9453,100,44
2920,54.9609,54.9453,100,44
2921,54.9609,54.9453,100,43
2922,54.9609,54.9453,100,43
2923,54.9609,54.9453,100,44
2924,54.9609,54.9453,100,43
2925,54.9609,54.9453,100,44
2926,54.9609,54.9453,100,43
2927,54.9609,54.9453,100,44
2928,54.9609,54.9453,100,43
2929,54.9609,54.9453,100,44
2930,54.9609,54.9453,100,43
2931,54.9609,54.9453,100,44
2932,54.9609,54.9453,100,44
2933,54.9609,54.9453,100,43
2934,54.9609,54.9453,100,43
2935,54.9609,54.9453,100,43
2936,54.9609,54.9453,100,44
2937,54.9609,54.9453,100,43
2938,54.9609,54.9453,100,44
2939,54.9609,54.9453,100,44
2940,54.9609,54.9453,100,44
2941,54.9609,54.9453,100,44
2942,54.9609,54.9453,100,43
2943,54.9609,54.9453,100,44
2944,54.9609,54.9453,100,43
2945,54.9609,54.9453,100,44
2946,54.9609,54.9453,100,44

PARAMETERS:
  fit evaluations: 500004
  eras: 2947
  popsize: 100
  n: 7
  INITSIZEMIN:120
  INITSIZEMAX:160
  PC: 0.2
  PRMIN: 0.8
  PREN: 0.1

Finished in 68.0647 seconds.

Best RS found:
Number of reactions: 44
 [size=7] ({x_1,x_3,x_4,x_6}, {x_0,x_2,x_5}, {True})
 [size=7] ({x_1}, {x_0,x_2,x_3,x_4,x_5,x_6}, {True})
 [size=7] ({x_0,x_1,x_3,x_5,x_6}, {x_2,x_4}, {True})
 [size=7] ({x_3,x_5}, {x_0,x_1,x_2,x_4,x_6}, {True})
 [size=7] ({x_0,x_2,x_3,x_4,x_5}, {x_1,x_6}, {True})
 [size=7] ({x_0,x_1,x_2,x_4,x_5}, {x_3,x_6}, {True})
 [size=7] ({x_0,x_2,x_3,x_4,x_6}, {x_1,x_5}, {True})
 [size=7] ({x_3,x_4,x_5,x_6}, {x_0,x_1,x_2}, {True})
 [size=7] ({x_0,x_1,x_2,x_6}, {x_3,x_4,x_5}, {True})
 [size=7] ({x_1,x_2,x_3,x_5,x_6}, {x_0,x_4}, {True})
 [size=7] ({x_1,x_3,x_4}, {x_0,x_2,x_5,x_6}, {True})
 [size=7] ({x_1,x_2,x_4}, {x_0,x_3,x_5,x_6}, {True})
 [size=7] ({x_0,x_4,x_6}, {x_1,x_2,x_3,x_5}, {True})
 [size=7] ({x_4,x_5}, {x_0,x_1,x_2,x_3,x_6}, {True})
 [size=7] ({x_4}, {x_0,x_1,x_2,x_3,x_5,x_6}, {True})
 [size=7] ({x_1,x_2,x_3,x_4,x_5,x_6}, {x_0}, {True})
 [size=7] ({x_0,x_4,x_5}, {x_1,x_2,x_3,x_6}, {True})
 [size=7] ({x_6}, {x_0,x_1,x_2,x_3,x_4,x_5}, {True})
 [size=7] ({x_0,x_1,x_2,x_3,x_5,x_6}, {x_4}, {True})
 [size=7] ({x_0,x_2,x_4}, {x_1,x_3,x_5,x_6}, {True})
 [size=7] ({x_0,x_3,x_6}, {x_1,x_2,x_4,x_5}, {True})
 [size=7] ({x_0,x_1,x_3,x_4,x_5,x_6}, {x_2}, {True})
 [size=7] ({x_0,x_1,x_4,x_6}, {x_2,x_3,x_5}, {True})
 [size=7] ({x_1,x_3}, {x_0,x_2,x_4,x_5,x_6}, {True})
 [size=7] ({x_0,x_2,x_4,x_5,x_6}, {x_1,x_3}, {True})
 [size=7] ({x_3,x_4,x_5}, {x_0,x_1,x_2,x_6}, {True})
 [size=7] ({x_5}, {x_0,x_1,x_2,x_3,x_4,x_6}, {True})
 [size=7] ({x_0,x_1,x_2,x_3,x_6}, {x_4,x_5}, {True})
 [size=7] ({x_2,x_5}, {x_0,x_1,x_3,x_4,x_6}, {True})
 [size=6] ({x_0,x_3,x_5}, {x_1,x_2,x_4}, {True})
 [size=6] ({x_1,x_4}, {x_0,x_2,x_3,x_6}, {True})
 [size=6] ({x_0,x_1,x_3,x_6}, {x_2,x_5}, {True})
 [size=6] ({x_2,x_6}, {x_0,x_1,x_4,x_5}, {True})
 [size=6] ({x_1,x_5,x_6}, {x_0,x_3,x_4}, {True})
 [size=6] ({x_4,x_5,x_6}, {x_0,x_2,x_3}, {True})
 [size=6] ({x_3,x_4}, {x_1,x_2,x_5,x_6}, {True})
 [size=6] ({x_1,x_2,x_5}, {x_0,x_4,x_6}, {True})
 [size=6] ({x_1,x_2}, {x_3,x_4,x_5,x_6}, {True})
 [size=6] ({x_0,x_2,x_3}, {x_1,x_4,x_5}, {True})
 [size=6] ({x_1,x_2,x_6}, {x_0,x_3,x_4}, {True})
 [size=5] ({x_3}, {x_0,x_1,x_4,x_5}, {True})
 [size=5] ({x_2,x_4,x_5}, {x_0,x_6}, {True})
 [size=5] ({x_0,x_5}, {x_3,x_4,x_6}, {True})
 [size=5] ({x_0,x_3}, {x_2,x_4,x_6}, {True})
Truth Table: 00100011111111001010011011100000110111111101001011101011100011101000101111011101010100000011010000100010010100111010010010010010
Fitness: 54.9609
Non linearity: 54
Unbalancedness: 0
